Symbol,Transaction Date,Total Shares
AARTIDRUGS,24-Oct-22,16
AARTIDRUGS,02-Nov-22,17
AARTIDRUGS,01-Dec-22,18
AARTIDRUGS,12-Jan-23,19
AARTIDRUGS,13-Mar-23,35
AARTIDRUGS,24-Aug-23,34
AARTIDRUGS,29-Oct-24,19
AARTIDRUGS,29-Oct-24,14
AARTIDRUGS,29-Oct-24,0
AARTIPHARM,23-Oct-23,71
POWERINDIA,24-Oct-22,5
POWERINDIA,14-Mar-23,0
ACE,03-May-23,5
ACE,12-May-23,7
ACE,12-Jun-23,10
ACE,13-Jul-23,13
ACE,14-Aug-23,14
ACE,12-Sep-23,18
ACE,12-Oct-23,23
ACE,12-Oct-23,24
ACE,19-Jul-24,0
AWL,24-Oct-22,20
AWL,24-Oct-22,25
AWL,01-Dec-22,26
AWL,12-Jan-23,29
AWL,13-Feb-23,36
AWL,13-Mar-23,0
ADOR,03-May-23,2
ADOR,12-May-23,3
ADOR,12-Jun-23,4
ADOR,13-Jul-23,5
ADOR,13-Jul-23,7
ADOR,14-Aug-23,9
ADOR,14-Aug-23,10
ADOR,12-Sep-23,11
ADOR,12-Oct-23,12
ADOR,16-Dec-24,11
ADOR,16-Dec-24,10
ADOR,16-Dec-24,0
AIAENG,24-Oct-22,2
AIAENG,29-Oct-24,1
AIAENG,29-Oct-24,0
ANGELONE,02-Nov-23,5
ANGELONE,13-Nov-23,6
ANGELONE,01-Dec-23,0
APARINDS,24-Oct-22,12
APARINDS,02-Nov-22,13
APARINDS,01-Dec-22,14
APARINDS,14-Mar-23,11
APARINDS,03-Apr-23,12
APARINDS,12-May-23,14
APARINDS,02-Nov-23,13
APARINDS,02-Nov-23,3
APARINDS,02-Nov-23,0
ARTEMISMED,23-Nov-22,182
ARTEMISMED,01-Dec-22,189
ARTEMISMED,12-Jan-23,205
ARTEMISMED,13-Feb-23,207
ARTEMISMED,13-Mar-23,233
ARTEMISMED,13-Mar-23,270
ARTEMISMED,03-Mar-25,262
ARTEMISMED,03-Mar-25,202
ARTEMISMED,03-Mar-25,151
ARTEMISMED,03-Mar-25,93
ARTEMISMED,03-Mar-25,2
ARTEMISMED,03-Mar-25,1
ARTEMISMED,03-Mar-25,0
ARTEMISMED,21-Mar-25,270
ARTEMISMED,08-May-25,0
ARVINDFASN,03-May-23,2
ARVINDFASN,03-May-23,6
ARVINDFASN,12-May-23,10
ARVINDFASN,12-Jun-23,11
ARVINDFASN,12-Jun-23,13
ARVINDFASN,13-Jul-23,16
ARVINDFASN,13-Jul-23,21
ARVINDFASN,14-Aug-23,29
ARVINDFASN,14-Aug-23,31
ARVINDFASN,12-Sep-23,32
ARVINDFASN,12-Oct-23,34
ARVINDFASN,15-Jan-25,0
ASAHISONG,24-Oct-22,8
ASAHISONG,24-Oct-22,42
ASAHISONG,02-Nov-22,45
ASAHISONG,01-Dec-22,49
ASAHISONG,12-Jan-23,51
ASAHISONG,13-Feb-23,54
ASAHISONG,13-Mar-23,44
ASAHISONG,13-Mar-23,32
ASAHISONG,13-Mar-23,0
ASIANPAINT,24-Oct-22,2
ASIANPAINT,12-Jan-23,3
ASIANPAINT,12-Apr-23,4
ASIANPAINT,13-Jul-23,5
ASIANPAINT,12-Oct-23,6
ASIANPAINT,05-Mar-24,0
ASTEC,23-Nov-22,1
ASTEC,23-Nov-22,2
ASTEC,23-Oct-23,0
ASTERDM,24-Oct-22,12
ASTERDM,02-Nov-22,14
ASTERDM,01-Dec-22,16
ASTERDM,23-Oct-23,0
ASTRAL,24-Oct-22,3
ASTRAL,12-Jan-23,4
ASTRAL,13-Feb-23,5
ASTRAL,14-Mar-23,6
ASTRAL,12-Apr-23,7
ASTRAL,13-Jul-23,9
ASTRAL,13-Jul-23,11
ASTRAL,29-Oct-24,9
ASTRAL,29-Oct-24,6
ASTRAL,29-Oct-24,4
ASTRAL,29-Oct-24,0
AUROPHARMA,24-Oct-22,24
AUROPHARMA,14-Nov-22,0
AUROPHARMA,23-Oct-23,5
AUROPHARMA,02-Nov-23,3
AUROPHARMA,02-Nov-23,0
AUROPHARMA,02-Jan-24,10
AUROPHARMA,12-Jan-24,12
AUROPHARMA,01-Feb-24,26
AUROPHARMA,12-Feb-24,29
AUROPHARMA,05-Mar-24,0
AVALON,17-Apr-23,442
AVALON,29-Oct-24,441
AVALON,29-Oct-24,429
AVALON,29-Oct-24,425
AVALON,29-Oct-24,407
AVALON,29-Oct-24,394
AVALON,29-Oct-24,387
AVALON,29-Oct-24,386
AVALON,29-Oct-24,374
AVALON,29-Oct-24,364
AVALON,29-Oct-24,363
AVALON,29-Oct-24,353
AVALON,29-Oct-24,335
AVALON,29-Oct-24,317
AVALON,29-Oct-24,242
AVALON,29-Oct-24,138
AVALON,29-Oct-24,105
AVALON,29-Oct-24,4
AVALON,29-Oct-24,0
AVANTIFEED,10-Jun-24,16
BANKBARODA,09-Dec-24,21
BANKBARODA,12-Dec-24,29
BANKBARODA,13-Jan-25,39
BANKBARODA,12-Feb-25,50
BANKBARODA,12-Mar-25,54
BANKBARODA,29-Apr-25,65
BANKBARODA,29-May-25,83
BANKINDIA,09-Dec-24,104
BANKINDIA,12-Dec-24,137
BANKINDIA,13-Jan-25,195
BANKINDIA,12-Feb-25,201
BANKINDIA,12-Feb-25,205
BANKINDIA,12-Mar-25,248
BANKINDIA,29-Apr-25,249
BANKINDIA,29-May-25,280
BANKINDIA,02-Jun-25,0
BBL,24-Oct-22,10
BBL,03-Apr-23,14
BBL,13-Jul-23,16
BBL,12-Sep-23,18
BBL,07-Oct-24,19
BBL,12-Nov-24,21
BBL,10-Dec-24,15
BBL,10-Dec-24,13
BBL,10-Dec-24,10
BBL,10-Dec-24,2
BBL,10-Dec-24,1
BBL,10-Dec-24,0
BHARATFORG,13-Mar-23,22
BHARATFORG,12-Apr-23,23
BHARATFORG,03-Mar-25,1
BHARATFORG,03-Mar-25,0
BSOFT,05-Mar-24,16
BSOFT,28-Mar-24,0
BLUESTARCO,08-Dec-22,3
BLUESTARCO,20-Jun-23,6
BLUESTARCO,23-Oct-23,0
BLUESTARCO,01-Dec-23,16
BLUESTARCO,03-Mar-25,15
BLUESTARCO,03-Mar-25,13
BLUESTARCO,03-Mar-25,0
BOROLTD,03-May-23,7
BOROLTD,12-May-23,12
BOROLTD,12-Jun-23,16
BOROLTD,13-Jul-23,22
BOROLTD,13-Jul-23,29
BOROLTD,14-Aug-23,32
BOROLTD,14-Aug-23,34
BOROLTD,17-Aug-23,37
BOROLTD,17-Aug-23,41
BOROLTD,12-Sep-23,49
BOROLTD,12-Oct-23,52
BOROLTD,15-Jan-25,41
BOROLTD,15-Jan-25,0
BORORENEW,24-Oct-22,22
BORORENEW,01-Dec-22,23
BORORENEW,12-Jan-23,28
BORORENEW,13-Feb-23,31
BORORENEW,13-Mar-23,32
BORORENEW,03-Apr-23,42
BORORENEW,13-Jul-23,52
BORORENEW,13-Jul-23,57
BORORENEW,14-Aug-23,61
BORORENEW,12-Oct-23,65
BORORENEW,02-Nov-23,68
BORORENEW,02-Nov-23,79
BORORENEW,02-Nov-23,92
BORORENEW,13-Nov-23,94
BORORENEW,12-Dec-23,98
BORORENEW,12-Feb-24,119
BORORENEW,12-Feb-24,120
BORORENEW,12-Apr-24,128
BORORENEW,13-May-24,131
BORORENEW,12-Jun-24,136
BORORENEW,12-Jul-24,147
BORORENEW,19-Jul-24,15
BORORENEW,19-Jul-24,0
BORORENEW,10-Dec-24,193
BORORENEW,12-Dec-24,200
BORORENEW,16-Jan-25,297
BORORENEW,17-Feb-25,253
BORORENEW,17-Feb-25,221
BORORENEW,17-Feb-25,82
BORORENEW,17-Feb-25,80
BORORENEW,17-Feb-25,0
BORORENEW,21-Mar-25,200
BORORENEW,27-Mar-25,140
BORORENEW,27-Mar-25,28
BORORENEW,27-Mar-25,2
BORORENEW,27-Mar-25,0
BOROSCI,03-May-23,5
BOROSCI,12-May-23,8
BOROSCI,12-May-23,9
BOROSCI,12-Jun-23,12
BOROSCI,13-Jul-23,16
BOROSCI,13-Jul-23,21
BOROSCI,14-Aug-23,22
BOROSCI,14-Aug-23,24
BOROSCI,14-Aug-23,25
BOROSCI,14-Aug-23,26
BOROSCI,17-Aug-23,28
BOROSCI,17-Aug-23,30
BOROSCI,12-Sep-23,36
BOROSCI,12-Oct-23,37
BOROSCI,12-Oct-23,39
BOROSCI,25-Oct-24,0
BSE,09-Dec-24,2
BSE,12-Dec-24,3
BSE,12-Feb-25,4
BSE,17-Feb-25,0
BSE,02-Jun-25,12
MAPMYINDIA,23-Oct-23,5
MAPMYINDIA,13-Nov-23,6
MAPMYINDIA,01-Dec-23,8
MAPMYINDIA,12-Dec-23,10
MAPMYINDIA,12-Jan-24,12
MAPMYINDIA,01-Feb-24,0
CANBK,09-Dec-24,50
CANBK,12-Dec-24,69
CANBK,13-Jan-25,95
CANBK,12-Feb-25,117
CANBK,12-Mar-25,132
CANBK,29-Apr-25,158
CANBK,29-May-25,173
CAPLIPOINT,24-Oct-22,12
CAPLIPOINT,02-Nov-22,13
CAPLIPOINT,13-Mar-23,22
CAPLIPOINT,13-Mar-23,27
CAPLIPOINT,03-Mar-25,20
CAPLIPOINT,03-Mar-25,0
CAPLIPOINT,21-Mar-25,27
CARYSIL,13-Mar-23,1
CARYSIL,13-Mar-23,6
CARYSIL,13-Mar-23,19
CARYSIL,13-Mar-23,28
CARYSIL,16-Jul-24,0
CENTUM,03-May-23,2
CENTUM,03-May-23,3
CENTUM,12-May-23,4
CENTUM,13-Jul-23,5
CENTUM,13-Jul-23,6
CENTUM,13-Jul-23,7
CENTUM,14-Aug-23,8
CENTUM,14-Aug-23,9
CENTUM,12-Oct-23,14
CENTUM,18-Jul-24,0
CESC,24-Oct-22,137
CESC,02-Nov-22,145
CESC,01-Dec-22,150
CESC,12-Jan-23,156
CESC,13-Mar-23,163
CESC,12-Apr-23,178
CESC,01-Feb-24,216
CESC,12-Feb-24,222
CESC,12-Mar-24,225
CESC,01-Apr-24,178
CHALET,02-Nov-23,5
CHALET,13-Nov-23,6
CHALET,01-Dec-23,0
CIEINDIA,24-Oct-22,32
CIEINDIA,02-Nov-22,34
CIEINDIA,01-Dec-22,35
CIEINDIA,12-Apr-23,36
CIEINDIA,23-Oct-23,0
COALINDIA,13-Nov-23,46
COALINDIA,12-Dec-23,55
COALINDIA,02-Jan-24,85
COALINDIA,12-Jan-24,95
COALINDIA,12-Jan-24,102
COALINDIA,12-Feb-24,108
COALINDIA,05-Mar-24,115
COALINDIA,12-Mar-24,118
COALINDIA,12-Mar-24,125
COALINDIA,12-Apr-24,127
COALINDIA,12-Apr-24,128
COALINDIA,12-Apr-24,138
COALINDIA,23-Apr-24,145
COALINDIA,13-May-24,153
COALINDIA,13-May-24,154
COALINDIA,13-May-24,156
COALINDIA,12-Jun-24,158
COALINDIA,12-Jun-24,164
COALINDIA,12-Jul-24,170
COALINDIA,12-Jul-24,176
COALINDIA,12-Aug-24,183
COALINDIA,12-Sep-24,195
COALINDIA,12-Nov-24,206
COALINDIA,09-Dec-24,219
COALINDIA,12-Dec-24,224
COALINDIA,13-Jan-25,229
COALINDIA,12-Feb-25,234
COALINDIA,17-Feb-25,112
COALINDIA,17-Feb-25,7
COALINDIA,17-Feb-25,0
COALINDIA,12-Mar-25,27
COALINDIA,29-Apr-25,35
COALINDIA,29-May-25,42
COCHINSHIP,02-Jan-24,20
COCHINSHIP,12-Jan-24,22
COCHINSHIP,12-Feb-24,26
COCHINSHIP,12-Mar-24,28
COCHINSHIP,13-May-24,31
COCHINSHIP,12-Jun-24,34
COCHINSHIP,03-Mar-25,32
COCHINSHIP,03-Mar-25,28
COCHINSHIP,03-Mar-25,24
COCHINSHIP,03-Mar-25,15
COCHINSHIP,03-Mar-25,0
COCHINSHIP,21-Mar-25,34
COFORGE,09-Dec-24,1
COFORGE,12-Dec-24,2
COFORGE,12-Feb-25,3
COFORGE,17-Feb-25,0
COLPAL,01-Dec-23,8
COLPAL,12-Dec-23,9
COLPAL,02-Jan-24,0
COLPAL,01-Apr-24,12
COLPAL,12-Apr-24,14
COLPAL,03-May-24,0
CONTROLPR,03-May-23,2
CONTROLPR,12-May-23,3
CONTROLPR,12-Jun-23,5
CONTROLPR,13-Jul-23,6
CONTROLPR,13-Jul-23,8
CONTROLPR,14-Aug-23,9
CONTROLPR,17-Aug-23,17
CONTROLPR,12-Sep-23,19
CONTROLPR,12-Oct-23,20
CONTROLPR,15-Jul-24,0
COROMANDEL,24-Oct-22,3
COROMANDEL,02-Nov-22,4
COROMANDEL,11-Nov-22,1
COROMANDEL,11-Nov-22,0
CUMMINSIND,01-Apr-24,12
CUMMINSIND,12-Apr-24,13
CUMMINSIND,03-May-24,2
CUMMINSIND,03-May-24,0
CYIENT,23-Oct-23,1
CYIENT,23-Oct-23,5
CYIENT,23-Oct-23,17
CYIENT,13-Nov-23,18
CYIENT,01-Dec-23,19
CYIENT,01-Dec-23,20
CYIENT,12-Dec-23,22
CYIENT,02-Jan-24,23
CYIENT,12-Jan-24,25
CYIENT,01-Feb-24,13
CYIENT,16-Dec-24,0
DALMIASUG,24-Oct-22,50
DALMIASUG,02-Nov-22,51
DALMIASUG,01-Dec-22,53
DALMIASUG,12-Jan-23,56
DALMIASUG,13-Mar-23,41
DALMIASUG,13-Mar-23,18
DALMIASUG,13-Mar-23,0
DATAPATTNS,23-Dec-21,25
DATAPATTNS,03-Mar-25,21
DATAPATTNS,03-Mar-25,0
ECLERX,23-Oct-23,3
ECLERX,03-Mar-25,0
EIDPARRY,28-Oct-22,2
EIDPARRY,01-Nov-22,5
EIDPARRY,02-Nov-22,7
EIDPARRY,01-Dec-22,9
EIDPARRY,23-Oct-23,7
EIDPARRY,23-Oct-23,0
EIHOTEL,01-Apr-24,11
EIHOTEL,12-Apr-24,12
EIHOTEL,03-May-24,23
EIHOTEL,12-Jul-24,24
EIHOTEL,16-Jul-24,0
ELECON,03-May-23,8
ELECON,12-May-23,10
ELECON,12-Jun-23,14
ELECON,13-Jul-23,18
ELECON,14-Aug-23,20
ELECON,14-Aug-23,22
ELECON,12-Sep-23,26
ELECON,12-Oct-23,28
ELECON,03-Mar-25,27
ELECON,03-Mar-25,22
ELECON,03-Mar-25,12
ELECON,03-Mar-25,0
ELECON,21-Mar-25,28
EMBASSY,12-Jun-24,24
EMBASSY,12-Jun-24,27
EMBASSY,12-Jun-24,31
EMBASSY,12-Jun-24,116
EMBASSY,12-Jul-24,123
EMBASSY,12-Aug-24,130
EMBASSY,12-Sep-24,135
EMBASSY,14-Oct-24,152
EMBASSY,12-Nov-24,160
EMBASSY,24-Mar-25,0
EXIDEIND,24-Oct-22,72
EXIDEIND,01-Dec-22,74
EXIDEIND,19-Jul-24,158
EXIDEIND,19-Jul-24,193
EXIDEIND,12-Aug-24,196
EXIDEIND,12-Sep-24,198
EXIDEIND,07-Oct-24,202
EXIDEIND,12-Nov-24,207
EXIDEIND,10-Dec-24,224
EXIDEIND,10-Dec-24,259
EXIDEIND,12-Dec-24,262
EXIDEIND,15-Jan-25,84
EXIDEIND,15-Jan-25,0
FIEMIND,24-Oct-22,3
FIEMIND,24-Oct-22,8
FIEMIND,16-Feb-23,10
FIEMIND,03-Apr-23,14
FIEMIND,13-Jul-23,15
FIEMIND,13-Jul-23,18
FIEMIND,12-Sep-23,19
FIEMIND,02-Nov-23,26
FIEMIND,02-Nov-23,27
FIEMIND,28-Feb-24,54
FIEMIND,12-Apr-24,56
FIEMIND,12-Aug-24,57
FIEMIND,07-Oct-24,59
FIEMIND,10-Dec-24,62
FIEMIND,16-Jan-25,71
FIEMIND,12-Mar-25,73
FIEMIND,12-Mar-25,76
FIEMIND,12-Mar-25,77
FIEMIND,19-Mar-25,99
FIEMIND,19-Mar-25,100
FIEMIND,19-Mar-25,110
FIEMIND,19-Mar-25,112
FIEMIND,19-Mar-25,121
FIEMIND,19-Mar-25,124
FINCABLES,14-Nov-22,10
FINCABLES,14-Nov-22,24
FINCABLES,01-Dec-22,25
FINCABLES,12-Jan-23,26
FINCABLES,13-Mar-23,20
FINCABLES,15-Jan-25,0
FORTIS,09-Dec-24,17
FORTIS,12-Dec-24,22
FORTIS,13-Jan-25,27
FORTIS,12-Feb-25,32
FORTIS,12-Feb-25,34
FORTIS,17-Feb-25,9
FORTIS,17-Feb-25,0
GAIL,02-Feb-21,200
GAIL,06-Sep-22,300
GAIL,03-Mar-25,127
GAIL,03-Mar-25,0
GANESHHOUC,10-Jun-24,10
GANESHHOUC,03-Mar-25,6
GANESHHOUC,03-Mar-25,1
GANESHHOUC,03-Mar-25,0
GANECOS,24-Oct-22,6
GANECOS,24-Oct-22,19
GANECOS,01-Dec-22,20
GANECOS,14-Mar-23,26
GANECOS,03-Apr-23,30
GANECOS,03-May-23,33
GANECOS,12-May-23,34
GANECOS,12-Jun-23,37
GANECOS,12-Jun-23,39
GANECOS,13-Jul-23,46
GANECOS,13-Jul-23,47
GANECOS,13-Jul-23,49
GANECOS,13-Jul-23,52
GANECOS,14-Aug-23,55
GANECOS,14-Aug-23,56
GANECOS,01-Sep-23,59
GANECOS,01-Sep-23,60
GANECOS,01-Sep-23,65
GANECOS,12-Sep-23,66
GANECOS,12-Sep-23,68
GANECOS,12-Oct-23,69
GANECOS,12-Oct-23,73
GANECOS,12-Oct-23,74
GANECOS,12-Oct-23,79
GANECOS,12-Oct-23,80
GANECOS,02-Nov-23,84
GANECOS,02-Nov-23,86
GANECOS,02-Nov-23,93
GANECOS,13-Nov-23,97
GANECOS,12-Feb-24,98
GANECOS,12-Apr-24,101
GANECOS,07-Oct-24,104
GANECOS,10-Dec-24,106
GANECOS,16-Jan-25,112
GANECOS,16-Jan-25,118
GANECOS,16-Jan-25,125
GANECOS,12-Feb-25,126
GANECOS,12-Feb-25,127
GANECOS,12-Feb-25,128
GANECOS,12-Mar-25,130
GANECOS,12-Mar-25,131
GANECOS,19-Mar-25,132
GANECOS,19-Mar-25,137
GANECOS,19-Mar-25,143
GANECOS,19-Mar-25,148
GANECOS,19-Mar-25,156
GANECOS,19-Mar-25,193
GANECOS,19-Mar-25,195
GRWRHITECH,12-Oct-23,3
GRWRHITECH,12-Oct-23,4
GRWRHITECH,12-Oct-23,5
GRWRHITECH,12-Oct-23,8
GRWRHITECH,12-Oct-23,9
GATEWAY,08-Nov-24,151
GATEWAY,08-Nov-24,154
GATEWAY,08-Nov-24,218
GATEWAY,08-Nov-24,254
GATEWAY,08-Nov-24,279
GATEWAY,08-Nov-24,365
GATEWAY,08-Nov-24,424
GATEWAY,12-Nov-24,456
GATEWAY,15-Jan-25,414
GATEWAY,15-Jan-25,267
GATEWAY,15-Jan-25,230
GATEWAY,15-Jan-25,0
GVT&D,23-Oct-23,35
GVT&D,01-Dec-23,16
GVT&D,01-Dec-23,0
GVT&D,02-Jun-25,15
GICRE,09-Dec-24,29
GICRE,12-Dec-24,36
GICRE,13-Jan-25,44
GICRE,12-Feb-25,50
GICRE,12-Feb-25,54
GICRE,12-Mar-25,62
GICRE,29-Apr-25,69
GICRE,29-May-25,72
GICRE,29-May-25,81
GICRE,02-Jun-25,0
GENUSPOWER,01-Feb-24,127
GENUSPOWER,05-Mar-24,0
GENUSPOWER,12-Mar-24,120
GENUSPOWER,12-Apr-24,122
GENUSPOWER,13-May-24,133
GENUSPOWER,12-Aug-24,138
GENUSPOWER,12-Sep-24,139
GENUSPOWER,07-Oct-24,144
GENUSPOWER,14-Oct-24,148
GENUSPOWER,10-Dec-24,205
GENUSPOWER,12-Dec-24,207
GENUSPOWER,16-Jan-25,235
GENUSPOWER,12-Feb-25,244
GENUSPOWER,17-Feb-25,218
GENUSPOWER,17-Feb-25,0
GENUSPOWER,21-Mar-25,244
GENUSPOWER,23-May-25,291
GENUSPOWER,23-May-25,296
GENUSPOWER,23-May-25,473
GLENMARK,02-Nov-23,7
GLENMARK,01-Dec-23,0
MEDANTA,15-Nov-22,44
MEDANTA,05-Mar-24,79
MEDANTA,12-Mar-24,80
MEDANTA,12-Apr-24,82
MEDANTA,03-May-24,90
MEDANTA,12-Jul-24,95
MEDANTA,09-Dec-24,105
MEDANTA,12-Dec-24,109
MEDANTA,13-Jan-25,112
MEDANTA,12-Feb-25,114
MEDANTA,12-Mar-25,115
MEDANTA,29-Apr-25,120
MEDANTA,29-May-25,123
MEDANTA,02-Jun-25,110
MEDANTA,02-Jun-25,95
GPIL,24-Oct-22,185
GPIL,02-Nov-22,190
GPIL,01-Dec-22,195
GPIL,24-Apr-23,125
GPIL,03-Mar-25,10
GPIL,03-Mar-25,5
GPIL,03-Mar-25,0
GOKEX,03-May-23,6
GOKEX,12-May-23,10
GOKEX,12-Jun-23,12
GOKEX,13-Jul-23,15
GOKEX,13-Jul-23,20
GOKEX,14-Aug-23,23
GOKEX,14-Aug-23,25
GOKEX,12-Oct-23,27
GOKEX,03-Mar-25,26
GOKEX,03-Mar-25,0
GOODLUCK,17-Aug-23,8
GOODLUCK,17-Aug-23,12
GOODLUCK,17-Aug-23,22
GOODLUCK,12-Sep-23,24
GOODLUCK,12-Oct-23,26
GOODLUCK,03-Mar-25,25
GOODLUCK,03-Mar-25,17
GOODLUCK,03-Mar-25,13
GOODLUCK,03-Mar-25,6
GOODLUCK,03-Mar-25,2
GOODLUCK,03-Mar-25,1
GOODLUCK,03-Mar-25,0
GRAVITA,23-Nov-22,30
GRAVITA,01-Dec-22,31
GRAVITA,13-Mar-23,33
GRAVITA,13-Mar-23,34
GRAVITA,03-Apr-23,36
GRAVITA,03-May-23,39
GRAVITA,12-May-23,41
GRAVITA,12-Jun-23,43
GRAVITA,13-Jul-23,45
GRAVITA,13-Jul-23,46
GRAVITA,13-Jul-23,49
GRAVITA,13-Jul-23,55
GRAVITA,14-Aug-23,56
GRAVITA,12-Sep-23,57
GRAVITA,12-Oct-23,58
GRAVITA,12-Dec-23,63
GRAVITA,12-Jan-24,69
GRAVITA,01-Feb-24,15
GRAVITA,01-Feb-24,0
GREAVESCOT,18-May-23,140
GREAVESCOT,12-Jun-23,171
GREAVESCOT,13-Jul-23,205
GREAVESCOT,24-Jul-23,201
GREAVESCOT,24-Jul-23,0
GPPL,23-Oct-23,43
GPPL,02-Nov-23,0
HBLENGINE,21-Jun-23,26
HBLENGINE,13-Jul-23,31
HBLENGINE,13-Jul-23,41
HBLENGINE,14-Aug-23,44
HBLENGINE,12-Sep-23,50
HBLENGINE,12-Oct-23,54
HBLENGINE,30-Jan-25,240
HBLENGINE,30-Jan-25,334
HBLENGINE,12-Feb-25,345
HBLENGINE,17-Feb-25,5
HBLENGINE,17-Feb-25,0
HBLENGINE,21-Mar-25,345
HCLTECH,09-Dec-24,3
HCLTECH,12-Dec-24,4
HCLTECH,13-Jan-25,5
HCLTECH,12-Feb-25,6
HCLTECH,12-Mar-25,7
HCLTECH,29-Apr-25,8
HCLTECH,29-May-25,10
HDFCBANK,24-Oct-22,3
HDFCBANK,01-Dec-22,4
HDFCBANK,01-Dec-22,5
HDFCBANK,13-Mar-23,6
HDFCBANK,12-Jun-23,7
HDFCBANK,12-Jun-23,8
HDFCBANK,05-Mar-24,3
HDFCBANK,05-Mar-24,0
HINDPETRO,05-Mar-24,15
HINDPETRO,28-Mar-24,0
HINDUNILVR,24-Oct-22,2
HINDUNILVR,12-Jan-23,3
HINDUNILVR,13-Mar-23,4
HINDUNILVR,12-Jun-23,5
HINDUNILVR,13-Jul-23,6
HINDUNILVR,12-Sep-23,7
HINDUNILVR,05-Mar-24,3
HINDUNILVR,05-Mar-24,0
HINDZINC,03-Jun-24,28
HINDZINC,12-Jun-24,29
HINDZINC,12-Jul-24,32
HINDZINC,25-Oct-24,0
HINDWAREAP,24-Oct-22,31
HINDWAREAP,02-Nov-22,33
HINDWAREAP,01-Dec-22,34
HINDWAREAP,01-Dec-22,35
HINDWAREAP,13-Mar-23,38
HINDWAREAP,13-Mar-23,39
HINDWAREAP,21-Jun-23,49
HINDWAREAP,13-Jul-23,51
HINDWAREAP,13-Jul-23,55
HINDWAREAP,14-Aug-23,58
HINDWAREAP,14-Aug-23,59
HINDWAREAP,12-Sep-23,60
HINDWAREAP,12-Oct-23,62
HINDWAREAP,23-Oct-23,54
HINDWAREAP,23-Oct-23,23
HINDWAREAP,05-Mar-24,0
HPL,01-Feb-24,79
HPL,12-Apr-24,83
HPL,12-Aug-24,85
HPL,12-Sep-24,88
HPL,12-Sep-24,89
HPL,07-Oct-24,93
HPL,14-Oct-24,95
HPL,29-Oct-24,109
HPL,29-Oct-24,129
HPL,29-Oct-24,139
HPL,29-Oct-24,160
HPL,16-Jan-25,168
HPL,12-Feb-25,173
HPL,12-Mar-25,180
HPL,12-Mar-25,181
HPL,19-Mar-25,197
HPL,19-Mar-25,234
HPL,19-Mar-25,292
ICICIBANK,16-Nov-22,4
ICICIBANK,01-Dec-22,5
ICICIBANK,23-Oct-23,0
ICICIGI,23-Oct-23,4
ICICIGI,02-Nov-23,5
ICICIGI,02-Nov-23,6
ICICIGI,03-Mar-25,0
ISEC,04-Sep-24,65
ISEC,12-Sep-24,69
ISEC,14-Oct-24,77
ISEC,08-Nov-24,71
ISEC,08-Nov-24,68
ISEC,08-Nov-24,33
ISEC,08-Nov-24,29
ISEC,08-Nov-24,16
ISEC,08-Nov-24,0
IIFL,10-Jun-24,62
IIFL,25-Oct-24,0
IOC,13-Nov-23,163
IOC,12-Dec-23,196
IOC,12-Jan-24,218
IOC,01-Feb-24,303
IOC,12-Mar-24,304
IOC,12-Apr-24,342
IOC,13-May-24,349
IOC,13-May-24,393
IOC,12-Jun-24,398
IOC,12-Jun-24,433
IOC,12-Jul-24,463
IOC,12-Jul-24,482
IOC,12-Aug-24,517
IOC,12-Sep-24,550
IOC,12-Nov-24,580
IOC,15-Jan-25,0
IRFC,28-Jan-21,575
IRFC,23-Oct-23,709
IRFC,13-Nov-23,742
IRFC,12-Dec-23,761
IRFC,12-Jan-24,771
IRFC,12-Feb-24,838
IRFC,12-Mar-24,855
IRFC,12-Apr-24,883
IRFC,13-May-24,905
IRFC,12-Jun-24,936
INDUSTOWER,13-Nov-23,43
INDUSTOWER,12-Dec-23,51
INDUSTOWER,12-Jan-24,58
INDUSTOWER,12-Feb-24,72
INDUSTOWER,12-Mar-24,74
INDUSTOWER,03-May-24,119
INDUSTOWER,13-May-24,138
INDUSTOWER,12-Jun-24,145
INDUSTOWER,12-Jun-24,148
INDUSTOWER,12-Jun-24,133
INDUSTOWER,12-Sep-24,138
INDUSTOWER,14-Oct-24,151
INDUSTOWER,08-Nov-24,177
INDUSTOWER,12-Nov-24,186
INDUSTOWER,03-Mar-25,117
INDUSTOWER,03-Mar-25,4
INDUSTOWER,03-Mar-25,0
INDUSTOWER,21-Mar-25,186
INDUSINDBK,24-Oct-22,2
INDUSINDBK,02-Nov-22,3
INDUSINDBK,11-Nov-22,0
INFY,24-Oct-22,4
INFY,02-Nov-22,5
INFY,13-Feb-23,6
INFY,13-Mar-23,7
INFY,12-Apr-23,8
INFY,12-May-23,9
INFY,12-Jun-23,10
INFY,13-Jul-23,11
INFY,13-Jul-23,13
INFY,14-Aug-23,14
INFY,12-Oct-23,15
INGERRAND,24-Oct-22,1
INGERRAND,28-Oct-22,2
INGERRAND,08-Dec-22,3
INGERRAND,23-Oct-23,1
INGERRAND,23-Oct-23,0
INOXWIND,24-Jul-23,106
INOXWIND,14-Aug-23,111
INOXWIND,12-Sep-23,114
INOXWIND,12-Feb-24,115
INOXWIND,12-Apr-24,118
INOXWIND,13-May-24,130
INOXWIND,24-May-24,520
INOXWIND,12-Jun-24,538
INOXWIND,12-Jul-24,545
INOXWIND,07-Oct-24,567
INOXWIND,14-Oct-24,593
INOXWIND,14-Oct-24,660
INOXWIND,12-Nov-24,725
INOXWIND,12-Dec-24,762
INOXWIND,13-Jan-25,918
INOXWIND,27-Feb-25,321
INOXWIND,27-Feb-25,0
IONEXCHANG,08-May-23,60
IONEXCHANG,08-May-23,70
IONEXCHANG,14-Aug-23,79
IONEXCHANG,12-Sep-23,80
IONEXCHANG,12-Oct-23,87
IONEXCHANG,12-Jan-24,99
IONEXCHANG,12-Feb-24,104
IONEXCHANG,12-Jun-24,105
IONEXCHANG,19-Jul-24,158
IONEXCHANG,12-Aug-24,163
IONEXCHANG,12-Sep-24,166
IONEXCHANG,07-Oct-24,173
IONEXCHANG,14-Oct-24,179
IONEXCHANG,12-Nov-24,187
IONEXCHANG,10-Dec-24,188
IONEXCHANG,10-Dec-24,202
IONEXCHANG,12-Dec-24,205
IONEXCHANG,16-Jan-25,209
IONEXCHANG,16-Jan-25,225
IONEXCHANG,17-Feb-25,223
IONEXCHANG,17-Feb-25,181
IONEXCHANG,17-Feb-25,178
IONEXCHANG,17-Feb-25,142
IONEXCHANG,17-Feb-25,91
IONEXCHANG,17-Feb-25,65
IONEXCHANG,17-Feb-25,32
IONEXCHANG,17-Feb-25,2
IONEXCHANG,17-Feb-25,0
IONEXCHANG,21-Mar-25,225
IONEXCHANG,27-Mar-25,223
IONEXCHANG,27-Mar-25,212
IONEXCHANG,27-Mar-25,146
IONEXCHANG,27-Mar-25,0
IONEXCHANG,02-Apr-25,225
IONEXCHANG,23-May-25,232
IONEXCHANG,23-May-25,242
IONEXCHANG,23-May-25,246
IONEXCHANG,23-May-25,278
IONEXCHANG,23-May-25,313
IONEXCHANG,23-May-25,326
IONEXCHANG,23-May-25,369
IONEXCHANG,29-May-25,381
IONEXCHANG,29-May-25,388
IRCON,01-Dec-23,8
IRCON,12-Dec-23,10
IRCON,12-Jan-24,21
IRCON,12-Feb-24,25
IRCON,12-Mar-24,27
IRCON,01-Apr-24,0
ITC,24-Oct-22,16
ITC,24-Oct-22,31
ITC,01-Nov-22,33
ITC,02-Nov-22,36
ITC,02-Nov-22,39
ITC,23-Nov-22,42
ITC,01-Dec-22,49
ITC,12-Jan-23,52
ITC,13-Mar-23,53
ITC,12-Apr-23,55
ITC,12-May-23,56
ITC,12-Jun-23,57
ITC,13-Jul-23,59
ITC,13-Jul-23,66
ITC,09-Dec-24,78
ITC,12-Dec-24,82
ITC,27-Dec-24,90
ITC,13-Jan-25,92
ITC,12-Feb-25,95
ITC,12-Mar-25,96
ITC,02-Apr-25,0
JBCHEPHARM,01-Nov-22,4
JBCHEPHARM,08-Dec-22,6
JBCHEPHARM,23-Oct-23,0
JIOFIN,24-Oct-22,2
JIOFIN,01-Dec-22,3
JIOFIN,13-Feb-23,4
JIOFIN,12-May-23,5
JIOFIN,13-Jul-23,6
JIOFIN,19-Jul-24,0
JKLAKSHMI,24-Oct-22,6
JKLAKSHMI,02-Nov-22,8
JKLAKSHMI,01-Dec-22,9
JKLAKSHMI,23-Oct-23,0
JSWENERGY,24-Oct-22,32
JSWENERGY,01-Dec-22,34
JSWENERGY,12-Jan-23,36
JSWENERGY,13-Feb-23,40
JSWENERGY,13-Mar-23,71
JSWENERGY,12-Apr-23,80
JSWENERGY,08-May-25,79
JSWENERGY,08-May-25,0
JSWINFRA,29-Sep-23,126
JUBLINGREA,24-Oct-22,16
JUBLINGREA,02-Nov-22,17
JUBLINGREA,02-Nov-22,18
JUBLINGREA,01-Dec-22,19
JUBLINGREA,12-Jan-23,20
JUBLINGREA,13-Mar-23,22
JUBLINGREA,12-Apr-23,26
JUBLINGREA,05-Mar-24,13
JUBLINGREA,05-Mar-24,11
JUBLINGREA,05-Mar-24,10
JUBLINGREA,05-Mar-24,0
JYOTHYLAB,24-Oct-22,23
JYOTHYLAB,02-Nov-22,28
JYOTHYLAB,01-Dec-22,30
JYOTHYLAB,08-Dec-22,41
JYOTHYLAB,23-Oct-23,55
JYOTHYLAB,23-Oct-23,65
JYOTHYLAB,02-Nov-23,71
JYOTHYLAB,13-Nov-23,72
JYOTHYLAB,12-Dec-23,75
JYOTHYLAB,02-Jan-24,97
JYOTHYLAB,02-Jan-24,98
JYOTHYLAB,12-Jan-24,103
JYOTHYLAB,01-Feb-24,108
JYOTHYLAB,12-Feb-24,109
JYOTHYLAB,12-Feb-24,112
JYOTHYLAB,12-Feb-24,118
JYOTHYLAB,12-Mar-24,119
JYOTHYLAB,01-Apr-24,78
JYOTHYLAB,01-Apr-24,57
JYOTHYLAB,16-Dec-24,0
KPRMILL,24-Oct-22,6
KPRMILL,24-Oct-22,18
KPRMILL,02-Nov-22,19
KPRMILL,01-Dec-22,20
KPRMILL,01-Dec-23,26
KPRMILL,03-Mar-25,19
KPRMILL,03-Mar-25,2
KPRMILL,03-Mar-25,1
KPRMILL,03-Mar-25,0
KPIL,03-May-24,14
KPIL,03-May-24,22
KPIL,13-May-24,23
KPIL,19-Jul-24,72
KPIL,12-Aug-24,73
KPIL,12-Aug-24,74
KPIL,07-Oct-24,76
KPIL,10-Dec-24,90
KPIL,16-Jan-25,97
KPIL,17-Feb-25,75
KPIL,17-Feb-25,69
KPIL,17-Feb-25,59
KPIL,17-Feb-25,55
KPIL,17-Feb-25,21
KPIL,17-Feb-25,17
KPIL,17-Feb-25,12
KPIL,17-Feb-25,4
KPIL,17-Feb-25,0
KPIL,21-Mar-25,97
KALYANKJIL,23-Oct-23,22
KALYANKJIL,13-Nov-23,24
KALYANKJIL,01-Dec-23,31
KALYANKJIL,12-Dec-23,40
KALYANKJIL,12-Jan-24,43
KALYANKJIL,01-Feb-24,52
KALYANKJIL,12-Feb-24,53
KALYANKJIL,05-Mar-24,0
KALYANKJIL,01-Apr-24,34
KALYANKJIL,12-Apr-24,38
KALYANKJIL,03-May-24,69
KALYANKJIL,13-May-24,70
KALYANKJIL,03-Jun-24,83
KALYANKJIL,03-Mar-25,5
KALYANKJIL,03-Mar-25,0
KDDL,03-May-23,2
KDDL,12-May-23,3
KDDL,12-Jun-23,4
KDDL,13-Jul-23,5
KDDL,13-Jul-23,7
KDDL,12-Sep-23,8
KDDL,12-Oct-23,9
KDDL,08-May-25,0
KEI,24-Oct-22,3
KEI,11-Nov-22,4
KEI,01-Dec-22,5
KEI,08-Dec-22,6
KEI,01-Dec-23,8
KEI,03-Mar-25,0
KIOCL,02-Jan-24,10
KIOCL,12-Jan-24,12
KIOCL,01-Feb-24,0
KIRLFER,03-May-23,4
KIRLFER,12-May-23,6
KIRLFER,12-Jun-23,9
KIRLFER,13-Jul-23,11
KIRLFER,13-Jul-23,15
KIRLFER,14-Aug-23,18
KIRLFER,14-Aug-23,19
KIRLFER,12-Sep-23,22
KIRLFER,12-Oct-23,24
KIRLFER,03-Mar-25,0
KPITTECH,24-Oct-22,20
KPITTECH,24-Oct-22,21
KPITTECH,02-Nov-22,22
KPITTECH,01-Dec-22,23
KPITTECH,12-Jan-23,24
KPITTECH,13-Mar-23,25
KPITTECH,14-Mar-23,23
KPITTECH,14-Mar-23,19
KPITTECH,03-Apr-23,21
KPITTECH,03-May-23,22
KPITTECH,12-May-23,23
KPITTECH,12-May-23,25
KPITTECH,12-Jun-23,26
KPITTECH,13-Jul-23,27
KPITTECH,13-Jul-23,31
KPITTECH,14-Aug-23,32
KPITTECH,12-Sep-23,33
KPITTECH,12-Sep-23,34
KPITTECH,23-Apr-24,47
KPITTECH,07-Oct-24,49
KPITTECH,29-Oct-24,44
KPITTECH,29-Oct-24,42
KPITTECH,29-Oct-24,23
KPITTECH,29-Oct-24,19
KPITTECH,29-Oct-24,10
KPITTECH,29-Oct-24,3
KPITTECH,29-Oct-24,0
KSB,24-Oct-22,30
KSB,13-Feb-23,35
KSB,16-Feb-23,40
KSB,16-Feb-23,45
KSB,03-Apr-23,50
KSB,12-Apr-23,55
KSB,12-May-23,65
KSB,13-Jul-23,70
KSB,13-Jul-23,75
KSB,13-Jul-23,80
KSB,08-Aug-24,121
KSB,12-Aug-24,126
KSB,12-Sep-24,127
KSB,07-Oct-24,131
KSB,07-Oct-24,132
KSB,29-Oct-24,82
KSB,29-Oct-24,3
KSB,29-Oct-24,0
LAOPALA,24-Oct-22,13
LAOPALA,02-Nov-22,15
LAOPALA,02-Nov-22,16
LAOPALA,01-Dec-22,17
LAOPALA,12-Jan-23,20
LAOPALA,13-Feb-23,23
LAOPALA,13-Mar-23,27
LAOPALA,12-Apr-23,30
LAOPALA,12-May-23,31
LAOPALA,13-Jul-23,32
LAOPALA,13-Jul-23,38
LAOPALA,12-Sep-23,41
LAOPALA,05-Mar-24,28
LAOPALA,05-Mar-24,12
LAOPALA,05-Mar-24,0
LUPIN,23-Oct-23,10
LUPIN,13-Nov-23,13
LUPIN,12-Dec-23,16
LUPIN,02-Jan-24,0
LUPIN,05-Mar-24,15
LUPIN,28-Mar-24,0
LUPIN,01-Apr-24,12
LUPIN,12-Apr-24,13
LUPIN,03-May-24,14
LUPIN,03-May-24,22
LUPIN,03-Mar-25,0
M&MFIN,23-Nov-22,21
M&MFIN,01-Dec-22,23
M&MFIN,23-Oct-23,0
M&MFIN,08-Nov-24,135
M&MFIN,12-Nov-24,148
M&MFIN,15-Jan-25,137
M&MFIN,15-Jan-25,0
M&MFIN,17-Feb-25,39
M&MFIN,17-Feb-25,73
M&MFIN,12-Mar-25,88
M&MFIN,11-Apr-25,0
M&M,24-Oct-22,3
M&M,11-Nov-22,4
M&M,08-Dec-22,5
M&M,23-Oct-23,0
MARICO,24-Oct-22,8
MARICO,24-Oct-22,10
MARICO,02-Nov-22,13
MARICO,01-Dec-22,14
MARICO,12-Jan-23,16
MARICO,13-Feb-23,18
MARICO,13-Mar-23,19
MARICO,12-Apr-23,23
MARICO,12-Jun-23,24
MARICO,13-Jul-23,27
MARICO,13-Jul-23,33
MARICO,12-Oct-23,36
MARICO,12-Mar-24,8
MARICO,12-Mar-24,0
MAZDOCK,23-Oct-23,6
MAZDOCK,13-Nov-23,7
MAZDOCK,01-Dec-23,8
MAZDOCK,12-Dec-23,10
MAZDOCK,02-Jan-24,11
MAZDOCK,12-Jan-24,12
MAZDOCK,01-Feb-24,0
MAZDOCK,02-Jun-25,10
MOL,24-Oct-22,100
MOL,02-Nov-22,107
MOL,01-Dec-22,115
MOL,12-Jan-23,120
MOL,13-Feb-23,121
MOL,13-Feb-23,123
MOL,13-Mar-23,143
MOL,12-Apr-23,150
MOL,05-Mar-24,118
MOL,05-Mar-24,0
MOLDTECH,21-Jun-23,9
MOLDTECH,13-Jul-23,16
MOLDTECH,13-Jul-23,21
MOLDTECH,14-Aug-23,22
MOLDTECH,12-Oct-23,24
MOLDTECH,05-Mar-24,0
BECTORFOOD,23-Oct-23,6
BECTORFOOD,23-Oct-23,9
BECTORFOOD,05-Mar-24,0
MTARTECH,24-Oct-22,9
MTARTECH,02-Nov-22,10
MTARTECH,14-Mar-23,13
MTARTECH,03-Apr-23,17
MTARTECH,13-Jul-23,19
MTARTECH,02-Nov-23,20
MTARTECH,02-Nov-23,23
MTARTECH,13-Nov-23,27
MTARTECH,12-Jan-24,29
MTARTECH,01-Feb-24,28
MTARTECH,01-Feb-24,12
MTARTECH,01-Feb-24,0
NH,23-Oct-23,8
NH,02-Nov-23,10
NH,16-Dec-24,9
NH,16-Dec-24,8
NH,16-Dec-24,2
NH,16-Dec-24,1
NH,16-Dec-24,0
NAVA,23-Oct-23,100
NAVA,23-Oct-23,112
NAVA,03-Mar-25,65
NAVA,03-Mar-25,0
NAVA,21-Mar-25,112
NCC,23-Oct-23,35
NCC,01-Dec-23,0
NEOGEN,24-Oct-22,7
NEOGEN,24-Oct-22,8
NEOGEN,02-Nov-22,9
NEOGEN,01-Dec-22,10
NEOGEN,16-Feb-23,13
NEOGEN,03-Apr-23,14
NEOGEN,03-Apr-23,17
NEOGEN,08-May-23,0
NETWEB,26-Jul-23,30
NETWEB,03-Mar-25,16
NETWEB,03-Mar-25,0
NETWEB,21-Mar-25,50
NEWJAISA,04-Oct-23,3000
NEWJAISA,08-May-25,0
NHPC,05-Mar-24,149
NHPC,12-Mar-24,155
NHPC,28-Mar-24,0
NHPC,09-Dec-24,65
NHPC,12-Dec-24,73
NHPC,12-Dec-24,88
NHPC,13-Jan-25,116
NHPC,12-Feb-25,142
NHPC,29-Apr-25,180
NHPC,29-May-25,220
LIQUIDBEES,14-Mar-23,33
LIQUIDBEES,03-Apr-23,40
LIQUIDBEES,12-Apr-23,42
LIQUIDBEES,08-May-23,25
LIQUIDBEES,12-May-23,26
LIQUIDBEES,18-May-23,0
NMDC,13-Nov-23,91
NMDC,12-Dec-23,107
NMDC,12-Jan-24,117
NMDC,12-Feb-24,134
NMDC,12-Mar-24,162
NMDC,12-Apr-24,177
NMDC,13-May-24,181
NMDC,12-Jun-24,197
NMDC,12-Jun-24,214
NMDC,12-Jul-24,238
NMDC,12-Jul-24,242
NMDC,12-Aug-24,296
NMDC,12-Sep-24,315
NMDC,12-Nov-24,352
NMDC,09-Dec-24,375
NMDC,12-Dec-24,384
NMDC,27-Dec-24,1152
NMDC,13-Jan-25,1197
NMDC,12-Feb-25,1238
NMDC,17-Feb-25,1218
NMDC,17-Feb-25,513
NMDC,17-Feb-25,193
NMDC,17-Feb-25,0
NMDC,12-Mar-25,178
NMDC,02-Apr-25,0
NTPC,01-Dec-23,22
NTPC,12-Dec-23,26
NTPC,02-Jan-24,0
NTPC,01-Apr-24,23
NTPC,12-Apr-24,24
NTPC,03-May-24,43
NTPC,13-May-24,45
NTPC,12-Jun-24,48
NTPC,12-Jul-24,53
NTPC,16-Dec-24,19
NTPC,16-Dec-24,0
OBEROIRLTY,09-Dec-24,6
OBEROIRLTY,12-Dec-24,7
OBEROIRLTY,13-Jan-25,9
OBEROIRLTY,12-Feb-25,12
OBEROIRLTY,12-Feb-25,13
OBEROIRLTY,17-Feb-25,0
ONGC,13-Nov-23,51
ONGC,12-Dec-23,61
ONGC,12-Jan-24,69
ONGC,12-Feb-24,74
ONGC,12-Mar-24,84
ONGC,12-Apr-24,98
ONGC,13-May-24,110
ONGC,12-Jun-24,125
ONGC,12-Sep-24,143
ONGC,14-Oct-24,171
ONGC,08-Nov-24,194
ONGC,12-Nov-24,208
ONGC,03-Mar-25,42
ONGC,03-Mar-25,0
OIL,05-Mar-24,42
OIL,12-Mar-24,43
OIL,28-Mar-24,0
OIL,01-Apr-24,25
OIL,12-Apr-24,26
OIL,03-May-24,45
OIL,13-May-24,47
OIL,12-Jun-24,49
OIL,02-Jul-24,73
OIL,03-Mar-25,67
OIL,03-Mar-25,0
PAYTM,09-Dec-24,12
PAYTM,12-Dec-24,16
PAYTM,13-Jan-25,22
PAYTM,12-Feb-25,28
PAYTM,17-Feb-25,0
OFSS,09-Dec-24,1
OFSS,13-Jan-25,2
OFSS,17-Feb-25,0
ORIENTCEM,24-Oct-22,79
ORIENTCEM,02-Nov-22,80
ORIENTCEM,13-Mar-23,101
PENIND,16-Feb-23,183
PENIND,03-Apr-23,240
PENIND,12-Apr-23,248
PENIND,12-May-23,293
PENIND,13-Jul-23,306
PENIND,13-Jul-23,342
PENIND,12-Sep-23,358
PENIND,12-Oct-23,382
PENIND,13-Nov-23,411
PENIND,12-Feb-24,448
PENIND,12-Mar-24,461
PENIND,12-Apr-24,491
PENIND,13-May-24,533
PENIND,12-Aug-24,554
PENIND,04-Sep-24,0
PERSISTENT,24-Oct-22,2
PERSISTENT,02-Nov-22,4
PERSISTENT,12-May-23,6
PERSISTENT,13-Jul-23,8
PERSISTENT,03-Mar-25,3
PERSISTENT,03-Mar-25,0
PETRONET,11-Dec-23,82
PETRONET,12-Dec-23,98
PETRONET,12-Jan-24,113
PETRONET,12-Feb-24,126
PETRONET,12-Mar-24,131
PETRONET,12-Apr-24,138
PETRONET,23-Apr-24,0
PETRONET,09-Dec-24,16
PETRONET,12-Dec-24,22
PETRONET,13-Jan-25,27
PETRONET,12-Feb-25,33
PETRONET,12-Mar-25,35
PETRONET,29-Apr-25,43
PETRONET,29-May-25,51
PIIND,11-Nov-22,2
PIIND,23-Oct-23,0
PIDILITIND,24-Oct-22,2
PIDILITIND,01-Dec-22,3
PIDILITIND,13-Feb-23,4
PIDILITIND,12-Jun-23,5
PIDILITIND,13-Jul-23,6
PIDILITIND,12-Sep-23,7
PIDILITIND,16-Dec-24,0
PPLPHARMA,23-Nov-22,140
PPLPHARMA,12-Jan-23,143
PPLPHARMA,13-Feb-23,176
PPLPHARMA,13-Mar-23,285
PPLPHARMA,12-Apr-23,306
PPLPHARMA,24-Aug-23,339
PPLPHARMA,03-Mar-25,105
PPLPHARMA,03-Mar-25,0
PITTIENG,24-Oct-22,51
PITTIENG,02-Nov-22,53
PITTIENG,12-Jan-23,54
PITTIENG,13-Feb-23,58
PITTIENG,13-Feb-23,59
PITTIENG,13-Feb-23,61
PITTIENG,13-Mar-23,62
PITTIENG,13-Mar-23,65
PITTIENG,13-Mar-23,66
PITTIENG,13-Jul-23,72
PITTIENG,13-Jul-23,73
PITTIENG,12-Sep-23,74
PITTIENG,13-Nov-23,78
PITTIENG,12-Dec-23,81
PITTIENG,12-Jan-24,88
PITTIENG,12-Feb-24,89
PITTIENG,12-Sep-24,92
PITTIENG,07-Oct-24,93
PITTIENG,07-Oct-24,96
PITTIENG,10-Dec-24,101
PITTIENG,12-Dec-24,102
PITTIENG,16-Jan-25,104
PITTIENG,16-Jan-25,107
PITTIENG,16-Jan-25,109
PITTIENG,16-Jan-25,112
PITTIENG,12-Feb-25,113
PITTIENG,19-Mar-25,119
PITTIENG,19-Mar-25,120
PITTIENG,19-Mar-25,122
PITTIENG,19-Mar-25,123
PITTIENG,19-Mar-25,132
PITTIENG,19-Mar-25,141
PITTIENG,19-Mar-25,146
PITTIENG,19-Mar-25,174
PITTIENG,19-Mar-25,182
PITTIENG,29-May-25,183
POCL,04-Sep-24,74
POCL,07-Oct-24,78
POCL,29-Oct-24,121
POCL,12-Nov-24,130
POCL,12-Dec-24,137
POCL,16-Jan-25,145
POCL,12-Feb-25,147
POCL,17-Feb-25,114
POCL,17-Feb-25,86
POCL,17-Feb-25,83
POCL,17-Feb-25,70
POCL,17-Feb-25,64
POCL,17-Feb-25,63
POCL,17-Feb-25,26
POCL,17-Feb-25,18
POCL,17-Feb-25,6
POCL,21-Feb-25,0
POCL,21-Mar-25,147
PFC,09-Dec-24,11
PFC,12-Dec-24,15
PFC,13-Jan-25,22
PFC,12-Feb-25,30
PFC,29-Apr-25,38
PFC,29-May-25,47
POWERGRID,09-Dec-24,17
POWERGRID,12-Dec-24,23
POWERGRID,13-Jan-25,29
POWERGRID,12-Feb-25,39
POWERGRID,28-Mar-25,0
PRAJIND,24-Oct-22,46
PRAJIND,02-Nov-22,50
PRAJIND,01-Dec-22,54
PRAJIND,13-Mar-23,57
PRAJIND,14-Mar-23,44
PRAJIND,03-Apr-23,50
PRAJIND,12-Apr-23,55
PRAJIND,12-May-23,59
PRAJIND,13-Jul-23,60
PRAJIND,13-Jul-23,69
PRAJIND,12-Dec-23,75
PRAJIND,12-Jan-24,81
PRAJIND,08-Aug-24,83
PRAJIND,08-Aug-24,90
PRAJIND,08-Aug-24,135
PRAJIND,12-Aug-24,136
PRAJIND,12-Sep-24,144
PRAJIND,07-Oct-24,150
PRAJIND,14-Oct-24,160
PRAJIND,12-Nov-24,164
PRAJIND,12-Dec-24,165
PRAJIND,12-Feb-25,170
PRAJIND,27-Feb-25,105
PRAJIND,27-Feb-25,66
PRAJIND,27-Feb-25,0
PREMIERENE,04-Sep-24,125
PREMIERENE,07-Oct-24,130
PREMIERENE,12-Feb-25,132
PREMIERENE,12-Mar-25,136
PREMIERENE,12-Mar-25,137
PREMIERENE,19-Mar-25,215
PREMIERENE,19-Mar-25,221
PRESTIGE,02-Jan-24,10
PRESTIGE,01-Feb-24,12
PRESTIGE,12-Feb-24,13
PRESTIGE,05-Mar-24,0
PSPPROJECT,03-May-23,2
PSPPROJECT,12-May-23,4
PSPPROJECT,12-Jun-23,5
PSPPROJECT,13-Jul-23,7
PSPPROJECT,13-Jul-23,9
PSPPROJECT,14-Aug-23,10
PSPPROJECT,14-Aug-23,11
PSPPROJECT,12-Sep-23,12
PSPPROJECT,12-Oct-23,15
PSPPROJECT,12-Oct-23,16
PSPPROJECT,12-Oct-23,18
PSPPROJECT,05-Mar-24,0
PFS,09-Dec-24,123
PFS,12-Dec-24,173
PFS,13-Jan-25,235
PFS,12-Feb-25,303
PFS,12-Mar-25,359
PFS,27-Mar-25,0
PTC,09-Dec-24,30
PTC,12-Dec-24,44
PTC,13-Jan-25,65
PTC,12-Feb-25,86
PTC,29-Apr-25,108
PTC,29-May-25,129
RADIANTCMS,09-Dec-24,72
RADIANTCMS,12-Dec-24,98
RADIANTCMS,13-Jan-25,116
RADIANTCMS,12-Feb-25,153
RADIANTCMS,12-Mar-25,170
RADIANTCMS,27-Mar-25,70
RADIANTCMS,27-Mar-25,0
RADIANTCMS,11-Apr-25,41
RADIANTCMS,11-Apr-25,128
RADIANTCMS,11-Apr-25,129
RADIANTCMS,29-Apr-25,155
RADIANTCMS,29-Apr-25,156
RADIANTCMS,29-Apr-25,169
RADIANTCMS,29-May-25,187
RADIANTCMS,29-May-25,208
RADICO,03-May-23,1
RADICO,12-May-23,2
RADICO,12-Jun-23,3
RADICO,13-Jul-23,4
RADICO,14-Aug-23,6
RADICO,12-Sep-23,7
RADICO,12-Oct-23,5
RADICO,12-Oct-23,0
RVNL,23-Oct-23,31
RVNL,13-Nov-23,38
RVNL,01-Dec-23,0
RVNL,01-Feb-24,46
RVNL,12-Feb-24,63
RVNL,05-Mar-24,0
RVNL,12-Mar-24,62
RVNL,01-Apr-24,0
RAIN,24-Oct-22,68
RAIN,02-Nov-22,69
RAIN,13-Mar-23,79
RAIN,12-Apr-23,87
RAIN,28-Mar-24,75
RAIN,28-Mar-24,0
RALLIS,24-Oct-22,14
RALLIS,24-Oct-22,53
RALLIS,02-Nov-22,57
RALLIS,01-Dec-22,58
RALLIS,01-Dec-22,59
RALLIS,12-Jan-23,60
RALLIS,13-Feb-23,66
RALLIS,13-Mar-23,0
REDINGTON,24-Oct-22,33
REDINGTON,24-Oct-22,39
REDINGTON,02-Nov-22,45
REDINGTON,13-Feb-23,48
REDINGTON,13-Mar-23,57
REDINGTON,12-Apr-23,59
REDINGTON,12-May-23,66
REDINGTON,12-Jun-23,69
REDINGTON,13-Jul-23,76
REDINGTON,13-Jul-23,92
REDINGTON,14-Aug-23,109
REDINGTON,12-Sep-23,119
REDINGTON,12-Oct-23,129
REDINGTON,13-Nov-23,168
REDINGTON,12-Dec-23,174
REDINGTON,12-Jan-24,185
REDINGTON,12-Feb-24,196
REDINGTON,12-Mar-24,197
REDINGTON,12-Apr-24,199
REDINGTON,13-May-24,209
REDINGTON,12-Jun-24,223
REDINGTON,12-Jul-24,235
REDINGTON,12-Aug-24,255
REDINGTON,12-Sep-24,267
REDINGTON,14-Oct-24,291
REDINGTON,12-Nov-24,301
REDINGTON,09-Dec-24,327
REDINGTON,12-Dec-24,337
REDINGTON,13-Jan-25,343
REDINGTON,29-Apr-25,348
REDINGTON,29-May-25,355
RELIANCE,24-Oct-22,2
RELIANCE,01-Dec-22,3
RELIANCE,13-Feb-23,4
RELIANCE,12-May-23,5
RELIANCE,13-Jul-23,6
RELIANCE,28-Oct-24,12
RELIANCE,03-Mar-25,0
RHIM,24-Oct-22,4
RHIM,24-Oct-22,20
RHIM,28-Oct-22,21
RHIM,02-Nov-22,23
RHIM,02-Nov-22,25
RHIM,11-Nov-22,18
RHIM,12-Jan-23,19
RHIM,13-Mar-23,0
RITES,09-Dec-24,19
RITES,12-Dec-24,25
RITES,13-Jan-25,33
RITES,12-Feb-25,48
RITES,12-Mar-25,50
RITES,29-Apr-25,55
RITES,29-Apr-25,58
RITES,29-Apr-25,62
RECLTD,13-Nov-23,47
RECLTD,11-Dec-23,0
RECLTD,05-Mar-24,15
RECLTD,28-Mar-24,0
RECLTD,19-Jul-24,110
RECLTD,12-Aug-24,116
RECLTD,12-Sep-24,129
RECLTD,07-Oct-24,133
RECLTD,14-Oct-24,141
RECLTD,12-Nov-24,142
RECLTD,09-Dec-24,152
RECLTD,10-Dec-24,164
RECLTD,12-Dec-24,168
RECLTD,13-Jan-25,174
RECLTD,16-Jan-25,198
RECLTD,30-Jan-25,19
RECLTD,31-Jan-25,0
RECLTD,12-Feb-25,7
RECLTD,12-Mar-25,28
RECLTD,29-Apr-25,34
RECLTD,29-May-25,35
RECLTD,29-May-25,44
SANGHVIMOV,24-Oct-22,66
SANGHVIMOV,02-Nov-22,68
SANGHVIMOV,13-Mar-23,74
SANGHVIMOV,03-Apr-23,91
SANGHVIMOV,03-Apr-23,93
SANGHVIMOV,12-Apr-23,95
SANGHVIMOV,12-May-23,98
SANGHVIMOV,12-Sep-23,104
SANGHVIMOV,12-Oct-23,106
SANGHVIMOV,13-Nov-23,108
SANGHVIMOV,12-Jan-24,115
SANGHVIMOV,12-Jun-24,129
SANGHVIMOV,12-Jun-24,131
SANGHVIMOV,12-Jul-24,151
SANGHVIMOV,12-Aug-24,152
SANGHVIMOV,04-Sep-24,133
SANGHVIMOV,04-Sep-24,25
SANGHVIMOV,04-Sep-24,3
SANGHVIMOV,04-Sep-24,0
SBILIFE,24-Oct-22,3
SBILIFE,11-Nov-22,4
SBILIFE,08-Dec-22,5
SBILIFE,23-Oct-23,0
SCHAEFFLER,16-Jun-23,4
SCHAEFFLER,13-Jul-23,5
SCHAEFFLER,14-Aug-23,6
SCHAEFFLER,12-Oct-23,7
SCHAEFFLER,05-Mar-24,0
SCHAEFFLER,02-Jun-25,7
SCHAEFFLER,02-Jun-25,8
SHAKTIPUMP,18-May-23,28
SHAKTIPUMP,13-Jul-23,30
SHAKTIPUMP,13-Jul-23,34
SHAKTIPUMP,14-Aug-23,36
SHAKTIPUMP,01-Sep-23,50
SHAKTIPUMP,12-Sep-23,54
SHAKTIPUMP,13-Nov-23,55
SHAKTIPUMP,12-Dec-23,62
SHAKTIPUMP,12-Sep-24,63
SHAKTIPUMP,07-Oct-24,66
SHAKTIPUMP,23-Nov-24,396
SHAKTIPUMP,19-Mar-25,529
SHAKTIPUMP,19-Mar-25,639
SHAKTIPUMP,29-May-25,653
SHANTIGEAR,03-May-23,4
SHANTIGEAR,12-May-23,7
SHANTIGEAR,12-Jun-23,9
SHANTIGEAR,13-Jul-23,11
SHANTIGEAR,13-Jul-23,15
SHANTIGEAR,14-Aug-23,18
SHANTIGEAR,14-Aug-23,19
SHANTIGEAR,12-Oct-23,21
SHANTIGEAR,12-Oct-23,23
SHANTIGEAR,14-Oct-23,31
SHANTIGEAR,16-Dec-24,28
SHANTIGEAR,16-Dec-24,21
SHANTIGEAR,16-Dec-24,10
SHANTIGEAR,16-Dec-24,6
SHANTIGEAR,16-Dec-24,4
SHANTIGEAR,16-Dec-24,0
SBCL,24-Oct-22,6
SBCL,24-Oct-22,27
SBCL,24-Oct-22,33
SBCL,24-Oct-22,47
SBCL,24-Oct-22,54
SBCL,02-Nov-22,56
SBCL,02-Nov-22,57
SBCL,01-Dec-22,61
SBCL,12-Jan-23,62
SBCL,12-Jan-23,66
SBCL,12-Jan-23,73
SBCL,13-Feb-23,74
SBCL,13-Mar-23,78
SBCL,13-Mar-23,80
SBCL,13-Mar-23,83
SBCL,14-Mar-23,94
SBCL,03-May-23,100
SBCL,12-May-23,104
SBCL,12-May-23,113
SBCL,12-Jun-23,115
SBCL,13-Jul-23,118
SBCL,13-Jul-23,123
SBCL,14-Aug-23,132
SBCL,14-Aug-23,137
SBCL,14-Aug-23,153
SBCL,14-Aug-23,164
SBCL,14-Aug-23,166
SBCL,17-Aug-23,173
SBCL,12-Sep-23,181
SBCL,12-Sep-23,185
SBCL,12-Oct-23,186
SBCL,12-Oct-23,189
SBCL,13-Nov-23,192
SBCL,12-Dec-23,193
SBCL,12-Dec-23,202
SBCL,12-Feb-24,211
SBCL,12-Feb-24,217
SBCL,12-Apr-24,218
SBCL,13-May-24,223
SBCL,12-Jun-24,234
SBCL,12-Aug-24,235
SBCL,12-Aug-24,249
SBCL,12-Sep-24,255
SBCL,07-Oct-24,264
SBCL,12-Nov-24,278
SBCL,10-Dec-24,290
SBCL,10-Dec-24,298
SBCL,10-Dec-24,324
SBCL,12-Dec-24,339
SBCL,16-Jan-25,239
SBCL,16-Jan-25,217
SBCL,16-Jan-25,195
SBCL,16-Jan-25,173
SBCL,16-Jan-25,150
SBCL,16-Jan-25,132
SBCL,16-Jan-25,115
SBCL,16-Jan-25,45
SBCL,30-Jan-25,42
SBCL,30-Jan-25,41
SBCL,30-Jan-25,26
SBCL,30-Jan-25,23
SBCL,30-Jan-25,3
SBCL,30-Jan-25,0
SHRIRAMFIN,23-Oct-23,20
SHRIRAMFIN,02-Nov-23,25
SHYAMMETL,23-Oct-23,1
SHYAMMETL,23-Oct-23,14
SHYAMMETL,02-Nov-23,0
SHYAMMETL,01-Feb-24,37
SHYAMMETL,01-Feb-24,38
SHYAMMETL,12-Feb-24,42
SHYAMMETL,05-Mar-24,0
SJVN,23-Oct-23,73
SJVN,13-Nov-23,91
SJVN,12-Dec-23,105
SJVN,12-Jan-24,129
SJVN,12-Feb-24,138
SJVN,12-Feb-24,148
SJVN,12-Mar-24,157
SJVN,01-Apr-24,0
SJVN,03-May-24,181
SJVN,13-May-24,197
SJVN,12-Jun-24,215
SJVN,12-Jul-24,223
SJVN,16-Dec-24,0
SKFINDIA,24-Oct-22,2
SKFINDIA,08-Dec-22,3
SKFINDIA,23-Oct-23,1
SKFINDIA,23-Oct-23,0
SKIPPER,01-Sep-23,143
SKIPPER,12-Sep-23,152
SKIPPER,12-Sep-23,158
SKIPPER,13-Nov-23,166
SKIPPER,12-Dec-23,180
SKIPPER,12-Feb-24,185
SKIPPER,12-Apr-24,202
SKIPPER,13-May-24,222
SKIPPER,12-Jul-24,225
SKIPPER,12-Sep-24,231
SKIPPER,07-Oct-24,240
SKIPPER,13-Jan-25,250
SKIPPER,13-Jan-25,279
SKIPPER,16-Jan-25,312
SKIPPER,12-Feb-25,313
SKIPPER,12-Mar-25,319
SKIPPER,19-Mar-25,405
SKIPPER,19-Mar-25,418
SKIPPER,19-Mar-25,514
SKIPPER,29-May-25,515
SONATSOFTW,23-Oct-23,7
SONATSOFTW,01-Dec-23,14
SONATSOFTW,12-Dec-23,15
SONATSOFTW,12-Dec-23,29
SONATSOFTW,02-Jan-24,14
SONATSOFTW,16-Dec-24,0
SBIN,24-Oct-22,9
SBIN,02-Nov-22,11
SBIN,23-Nov-22,13
SBIN,01-Dec-22,16
SBIN,23-Oct-23,0
SWSOLAR,16-Feb-23,6
SWSOLAR,16-Feb-23,38
SWSOLAR,16-Feb-23,39
SWSOLAR,03-Apr-23,51
SWSOLAR,12-Apr-23,54
SWSOLAR,12-May-23,63
SWSOLAR,13-Jul-23,74
SWSOLAR,13-Jul-23,83
SWSOLAR,12-Oct-23,96
SWSOLAR,12-Oct-23,101
SWSOLAR,12-Oct-23,102
SWSOLAR,02-Nov-23,0
SWSOLAR,23-Apr-24,62
SWSOLAR,04-Sep-24,105
SWSOLAR,07-Oct-24,108
SWSOLAR,14-Oct-24,123
SWSOLAR,12-Nov-24,138
SWSOLAR,10-Dec-24,171
SWSOLAR,12-Dec-24,177
SWSOLAR,16-Jan-25,200
SWSOLAR,30-Jan-25,0
STLTECH,24-Oct-22,67
STLTECH,02-Nov-22,71
STLTECH,01-Dec-22,76
STLTECH,12-Jan-23,81
STLTECH,13-Mar-23,96
STLTECH,12-Apr-23,103
STLTECH,05-Mar-24,50
STLTECH,05-Mar-24,0
SUNDARMFIN,16-Jun-23,5
SUNDARMFIN,13-Jul-23,6
SUNDARMFIN,14-Aug-23,7
SUNDARMFIN,12-Sep-23,8
SUNDARMFIN,15-Jul-24,0
SWANENERGY,01-Feb-24,23
SWANENERGY,05-Mar-24,32
SWANENERGY,12-Mar-24,39
SWANENERGY,12-Mar-24,36
SWANENERGY,12-Mar-24,28
SWANENERGY,12-Mar-24,7
SWANENERGY,28-Mar-24,0
SWANENERGY,03-May-24,23
SWANENERGY,13-May-24,26
SWANENERGY,03-Jun-24,0
SWELECTES,24-Oct-22,20
SWELECTES,24-Oct-22,39
SWELECTES,02-Nov-22,42
SWELECTES,01-Dec-22,45
SWELECTES,13-Feb-23,49
SWELECTES,14-Mar-23,32
SWELECTES,14-Mar-23,0
SWELECTES,05-Sep-24,44
SWELECTES,05-Sep-24,58
SWELECTES,07-Oct-24,60
SWELECTES,10-Dec-24,63
SWELECTES,16-Jan-25,66
SWELECTES,16-Jan-25,67
SWELECTES,16-Jan-25,68
SWELECTES,16-Jan-25,76
SWELECTES,17-Feb-25,71
SWELECTES,17-Feb-25,54
SWELECTES,17-Feb-25,20
SWELECTES,17-Feb-25,15
SWELECTES,17-Feb-25,12
SWELECTES,17-Feb-25,0
TATACHEM,24-Oct-22,3
TATACHEM,01-Dec-22,5
TATACHEM,05-Mar-24,0
TCS,24-Oct-22,2
TCS,01-Dec-22,3
TCS,02-Nov-23,0
TATACONSUM,24-Oct-22,6
TATACONSUM,02-Nov-22,8
TATACONSUM,01-Dec-22,9
TATACONSUM,02-Nov-23,0
TATAMOTORS,02-Nov-23,8
TATAMOTORS,16-Dec-24,0
TATAMTRDVR,01-Feb-24,12
TATAMTRDVR,12-Apr-24,13
TATAMTRDVR,03-May-24,22
TATAMTRDVR,13-May-24,23
TATAMTRDVR,03-Jun-24,0
TATAPOWER,24-Oct-22,12
TATAPOWER,02-Nov-22,15
TATAPOWER,01-Dec-22,18
TATAPOWER,03-Mar-25,2
TATAPOWER,03-Mar-25,0
TATASTEEL,24-Oct-22,30
TATASTEEL,02-Nov-22,40
TATASTEEL,01-Dec-22,46
TATASTEEL,19-Jul-24,0
TCPLPACK,03-May-23,1
TCPLPACK,03-May-23,2
TCPLPACK,12-May-23,3
TCPLPACK,12-Jun-23,4
TCPLPACK,13-Jul-23,5
TCPLPACK,13-Jul-23,7
TCPLPACK,08-May-25,0
TDPOWERSYS,24-Oct-22,15
TDPOWERSYS,24-Oct-22,85
TDPOWERSYS,02-Nov-22,86
TDPOWERSYS,13-Feb-23,96
TDPOWERSYS,03-Apr-23,110
TDPOWERSYS,12-Apr-23,120
TDPOWERSYS,14-Aug-23,125
TDPOWERSYS,12-Oct-23,135
TDPOWERSYS,12-Dec-23,146
TDPOWERSYS,12-Jan-24,147
TDPOWERSYS,12-Feb-24,155
TDPOWERSYS,12-Mar-24,160
TDPOWERSYS,12-Apr-24,182
TDPOWERSYS,13-May-24,198
TDPOWERSYS,12-Aug-24,200
TDPOWERSYS,12-Sep-24,211
TDPOWERSYS,07-Oct-24,219
TDPOWERSYS,14-Oct-24,246
TDPOWERSYS,10-Dec-24,256
TDPOWERSYS,12-Dec-24,259
TDPOWERSYS,16-Jan-25,359
TDPOWERSYS,12-Feb-25,364
TDPOWERSYS,19-Mar-25,365
TDPOWERSYS,19-Mar-25,419
TDPOWERSYS,19-Mar-25,460
TDPOWERSYS,19-Mar-25,586
TECHM,09-Dec-24,3
TECHM,12-Dec-24,4
TECHM,13-Jan-25,5
TECHM,12-Feb-25,6
TECHM,12-Mar-25,7
TECHM,29-Apr-25,8
TECHM,29-May-25,9
TECHNOE,03-May-23,3
TECHNOE,08-May-23,5
TECHNOE,08-May-23,12
TECHNOE,08-May-23,29
TECHNOE,08-May-23,36
TECHNOE,08-May-23,55
TECHNOE,12-May-23,62
TECHNOE,12-Jun-23,65
TECHNOE,12-Jun-23,71
TECHNOE,13-Jul-23,72
TECHNOE,13-Jul-23,75
TECHNOE,13-Jul-23,78
TECHNOE,14-Aug-23,79
TECHNOE,12-Sep-23,80
TECHNOE,12-Oct-23,85
TECHNOE,07-Oct-24,88
TECHNOE,10-Dec-24,92
TECHNOE,12-Dec-24,94
TECHNOE,16-Jan-25,102
TECHNOE,30-Jan-25,14
TECHNOE,30-Jan-25,0
INDHOTEL,09-Dec-24,15
INDHOTEL,12-Dec-24,19
INDHOTEL,13-Jan-25,23
INDHOTEL,12-Feb-25,28
INDHOTEL,17-Feb-25,0
THOMASCOOK,24-Oct-22,162
THOMASCOOK,02-Nov-22,173
THOMASCOOK,01-Dec-22,175
THOMASCOOK,13-Feb-23,179
THOMASCOOK,13-Mar-23,0
CHOLAHLDNG,23-Oct-23,4
CHOLAHLDNG,23-Oct-23,5
CHOLAHLDNG,23-Oct-23,9
CHOLAHLDNG,23-Oct-23,18
CHOLAHLDNG,23-Oct-23,20
CHOLAHLDNG,13-Nov-23,23
CHOLAHLDNG,12-Dec-23,26
CHOLAHLDNG,02-Jan-24,17
CHOLAHLDNG,02-Jan-24,1
CHOLAHLDNG,02-Jan-24,0
TITAN,24-Oct-22,1
TITAN,02-Nov-22,2
TITAN,15-Jul-24,0
TORNTPOWER,01-Dec-23,8
TORNTPOWER,03-Mar-25,0
TRENT,24-Oct-22,2
TRENT,02-Nov-22,3
TRENT,01-Dec-22,4
TRENT,02-Nov-23,0
TRITURBINE,24-Oct-22,4
TRITURBINE,24-Oct-22,11
TRITURBINE,24-Oct-22,55
TRITURBINE,24-Oct-22,56
TRITURBINE,02-Nov-22,57
TRITURBINE,02-Nov-22,59
TRITURBINE,11-Nov-22,68
TRITURBINE,01-Dec-22,70
TRITURBINE,12-Jan-23,71
TRITURBINE,12-Jan-23,79
TRITURBINE,03-Feb-23,18
TRITURBINE,13-Feb-23,23
TRITURBINE,14-Mar-23,0
TRITURBINE,03-Apr-23,9
TRITURBINE,12-Jun-23,13
TRITURBINE,12-Jun-23,29
TRITURBINE,12-Jun-23,44
TRITURBINE,12-Jun-23,48
TRITURBINE,12-Jun-23,55
TRITURBINE,13-Jul-23,61
TRITURBINE,13-Jul-23,69
TRITURBINE,14-Aug-23,70
TRITURBINE,12-Oct-23,72
TRITURBINE,12-Dec-23,76
TRITURBINE,12-Jan-24,80
TRITURBINE,12-Aug-24,81
TRITURBINE,07-Oct-24,84
TRITURBINE,12-Nov-24,86
TRITURBINE,10-Dec-24,111
TRITURBINE,16-Jan-25,116
TRITURBINE,16-Jan-25,125
TRITURBINE,12-Mar-25,131
TRITURBINE,12-Mar-25,132
TRITURBINE,19-Mar-25,213
UJJIVANSFB,23-Apr-24,812
UJJIVANSFB,13-May-24,912
UJJIVANSFB,12-Jun-24,994
UJJIVANSFB,12-Jun-24,1111
UJJIVANSFB,12-Jul-24,1340
UJJIVANSFB,12-Aug-24,1568
UJJIVANSFB,12-Sep-24,1723
UJJIVANSFB,14-Oct-24,2048
UJJIVANSFB,14-Oct-24,2114
UJJIVANSFB,12-Nov-24,2268
UJJIVANSFB,12-Nov-24,2347
UJJIVANSFB,17-Feb-25,1694
UJJIVANSFB,17-Feb-25,0
UNIONBANK,09-Dec-24,43
UNIONBANK,12-Dec-24,58
UNIONBANK,13-Jan-25,83
UNIONBANK,12-Feb-25,90
UNIONBANK,12-Feb-25,95
UNIONBANK,12-Mar-25,97
UNIONBANK,29-Apr-25,118
UNIONBANK,29-May-25,131
UDS,03-Oct-23,50
UDS,03-Mar-25,11
UDS,03-Mar-25,4
UDS,03-Mar-25,2
UDS,03-Mar-25,0
USHAMART,03-May-23,7
USHAMART,12-May-23,12
USHAMART,12-Jun-23,15
USHAMART,13-Jul-23,16
USHAMART,13-Jul-23,24
USHAMART,14-Aug-23,28
USHAMART,12-Oct-23,29
USHAMART,12-Oct-23,40
USHAMART,12-Oct-23,43
USHAMART,03-Mar-25,20
USHAMART,03-Mar-25,1
USHAMART,03-Mar-25,0
VALIANTORG,24-Oct-22,1
VALIANTORG,24-Oct-22,18
VALIANTORG,01-Dec-22,19
VALIANTORG,12-Jan-23,21
VALIANTORG,13-Feb-23,24
VALIANTORG,13-Mar-23,27
VALIANTORG,13-Mar-23,30
VALIANTORG,13-Mar-23,31
VALIANTORG,13-Mar-23,35
VALIANTORG,13-Mar-23,42
VALIANTORG,05-Mar-24,35
VALIANTORG,05-Mar-24,24
VALIANTORG,05-Mar-24,22
VALIANTORG,05-Mar-24,0
VEDL,13-Nov-23,50
VEDL,12-Dec-23,58
VEDL,12-Jan-24,67
VEDL,12-Feb-24,86
VEDL,12-Mar-24,101
VEDL,13-May-24,102
VEDL,12-Jun-24,1
VEDL,12-Jun-24,0
VESUVIUS,23-Oct-23,2
VESUVIUS,23-Oct-23,3
VESUVIUS,12-Mar-24,2
VESUVIUS,12-Mar-24,0
VOLTAS,24-Oct-22,4
VOLTAS,02-Nov-22,6
VOLTAS,01-Dec-22,8
VOLTAS,02-Nov-23,0
WAAREEENER,25-Oct-24,9
WAAREEENER,29-Oct-24,71
WAAREEENER,10-Dec-24,73
WAAREEENER,16-Jan-25,74
WAAREEENER,16-Jan-25,85
WAAREEENER,17-Feb-25,30
WAAREEENER,17-Feb-25,25
WAAREEENER,17-Feb-25,0
WAAREEENER,21-Mar-25,87
WEBELSOLAR,05-Sep-24,21
WEBELSOLAR,05-Sep-24,69
WEBELSOLAR,07-Oct-24,72
WEBELSOLAR,12-Nov-24,73
WEBELSOLAR,16-Jan-25,81
WEBELSOLAR,12-Feb-25,86
WEBELSOLAR,12-Mar-25,95
WEBELSOLAR,19-Mar-25,153
ZENTEC,03-May-23,6
ZENTEC,12-May-23,9
ZENTEC,13-Jul-23,12
ZENTEC,12-Sep-23,15
ZENTEC,12-Oct-23,16
ZENTEC,03-Mar-25,15
ZENTEC,03-Mar-25,2
ZENTEC,03-Mar-25,0
ZENTEC,24-Mar-25,50
ZENSARTECH,23-Oct-23,6
ZENSARTECH,13-Nov-23,8
ZENSARTECH,01-Dec-23,0
ZENSARTECH,02-Jan-24,11
ZENSARTECH,12-Jan-24,13
ZENSARTECH,01-Feb-24,0
ETERNAL,23-Oct-23,3
ETERNAL,02-Nov-23,0
ETERNAL,02-Jan-24,11
ETERNAL,12-Jan-24,12
ETERNAL,01-Feb-24,0
ETERNAL,01-Apr-24,24
ETERNAL,12-Apr-24,25
ETERNAL,03-Jun-24,57
ZYDUSLIFE,01-Apr-24,24
ZYDUSLIFE,12-Apr-24,27
ZYDUSLIFE,03-May-24,7
ZYDUSLIFE,03-May-24,0
ZYDUSLIFE,03-Jun-24,57
ZYDUSLIFE,12-Jul-24,58
ZYDUSLIFE,16-Dec-24,5
ZYDUSLIFE,16-Dec-24,0
JASH,16-Jan-25,94
JASH,17-Feb-25,61
JASH,17-Feb-25,34
JASH,17-Feb-25,22
JASH,17-Feb-25,10
JASH,17-Feb-25,0
JASH,27-Feb-25,106
JASH,19-Mar-25,171
JASH,23-May-25,205
JASH,23-May-25,222
JASH,23-May-25,234
JASH,23-May-25,246
JASH,23-May-25,292
JASH,29-May-25,302
JASH,29-May-25,305
JASH,29-May-25,307
JASH,29-May-25,308
JASH,29-May-25,309
TRANSRAILL,16-Jan-25,117
TRANSRAILL,30-Jan-25,122
TRANSRAILL,30-Jan-25,156
TRANSRAILL,30-Jan-25,183
TRANSRAILL,30-Jan-25,186
TRANSRAILL,17-Feb-25,102
TRANSRAILL,17-Feb-25,47
TRANSRAILL,17-Feb-25,46
TRANSRAILL,17-Feb-25,45
TRANSRAILL,17-Feb-25,0
TRANSRAILL,21-Mar-25,186
TRANSRAILL,27-Mar-25,141
TRANSRAILL,27-Mar-25,106
TRANSRAILL,27-Mar-25,61
TRANSRAILL,27-Mar-25,10
TRANSRAILL,27-Mar-25,0
TRANSRAILL,02-Apr-25,186
ACMESOLAR,30-Jan-25,613
ACMESOLAR,12-Feb-25,659
ACMESOLAR,17-Feb-25,644
ACMESOLAR,17-Feb-25,524
ACMESOLAR,17-Feb-25,504
ACMESOLAR,17-Feb-25,485
ACMESOLAR,17-Feb-25,461
ACMESOLAR,17-Feb-25,17
ACMESOLAR,17-Feb-25,16
ACMESOLAR,17-Feb-25,0
ACMESOLAR,21-Mar-25,659
ACMESOLAR,27-Mar-25,517
ACMESOLAR,27-Mar-25,101
ACMESOLAR,27-Mar-25,2
ACMESOLAR,27-Mar-25,0
ACMESOLAR,02-Apr-25,659
ACMESOLAR,29-Apr-25,707
ACMESOLAR,29-Apr-25,769
ACMESOLAR,29-Apr-25,852
ACMESOLAR,29-May-25,877
ITCHOTELS,24-Oct-22,1
ITCHOTELS,24-Oct-22,2
ITCHOTELS,24-Oct-22,3
ITCHOTELS,23-Nov-22,4
ITCHOTELS,12-Jan-23,5
ITCHOTELS,13-Jul-23,6
ITCHOTELS,09-Dec-24,7
ITCHOTELS,12-Dec-24,8
ITCHOTELS,27-Dec-24,9
ITCHOTELS,12-Feb-25,10
ITCHOTELS,27-Mar-25,0
ACC,17-Feb-25,10
ACC,17-Feb-25,11
ACC,12-Mar-25,13
ACC,29-Apr-25,15
ACC,29-May-25,17
ACC,02-Jun-25,0
ASHOKLEY,17-Feb-25,49
ASHOKLEY,17-Feb-25,60
ASHOKLEY,17-Feb-25,92
ASHOKLEY,12-Mar-25,118
ASHOKLEY,11-Apr-25,0
JUBLFOOD,17-Feb-25,29
JUBLFOOD,17-Feb-25,30
JUBLFOOD,12-Mar-25,31
JUBLFOOD,12-Mar-25,39
JUBLFOOD,29-Apr-25,41
JUBLFOOD,29-Apr-25,42
JUBLFOOD,29-May-25,50
JUBLFOOD,02-Jun-25,0
MUTHOOTFIN,17-Feb-25,9
MUTHOOTFIN,12-Mar-25,11
MUTHOOTFIN,29-Apr-25,14
MUTHOOTFIN,29-May-25,16
MUTHOOTFIN,02-Jun-25,0
SBICARD,17-Feb-25,24
SBICARD,12-Mar-25,28
SBICARD,29-Apr-25,29
SBICARD,29-Apr-25,34
SBICARD,29-May-25,36
SBICARD,02-Jun-25,0
UPL,17-Feb-25,6
UPL,17-Feb-25,32
UPL,12-Mar-25,38
UPL,29-Apr-25,39
UPL,29-Apr-25,44
UPL,29-May-25,53
UPL,02-Jun-25,0
INOXINDIA,27-Feb-25,8
INOXINDIA,27-Feb-25,45
INOXINDIA,19-Mar-25,52
INOXINDIA,19-Mar-25,73
SYRMA,27-Feb-25,130
SYRMA,27-Feb-25,139
SYRMA,12-Mar-25,144
SYRMA,19-Mar-25,180
SYRMA,19-Mar-25,199
SYRMA,19-Mar-25,232
SYRMA,29-May-25,234
TARIL,27-Feb-25,83
TARIL,27-Feb-25,106
TARIL,12-Mar-25,118
TARIL,19-Mar-25,190
ABCAPITAL,11-Apr-25,66
ABCAPITAL,11-Apr-25,128
ABCAPITAL,29-Apr-25,146
ABCAPITAL,29-May-25,149
LTF,11-Apr-25,153
LTF,29-Apr-25,178
LTF,29-May-25,192
LTF,02-Jun-25,92
LTF,02-Jun-25,90
LTF,02-Jun-25,70
LTF,02-Jun-25,0
POWERMECH,23-May-25,1
POWERMECH,23-May-25,3
POWERMECH,23-May-25,6
POWERMECH,23-May-25,43
BDL,02-Jun-25,17
BHARTIHEXA,02-Jun-25,18
GLAXO,02-Jun-25,10
MFSL,02-Jun-25,22
NAM-INDIA,02-Jun-25,5
NAM-INDIA,02-Jun-25,46