date,symbol,marketcapname,sector
25-03-2025,HEG,Midcap,Industrials
26-03-2025,ZFCVINDIA,Largecap,Auto
27-03-2025,MAHSCOOTER,Midcap,Financials
27-03-2025,GARFIBRES,Midcap,Textiles
01-04-2025,MAHSEAMLES,Midcap,Industrials
01-04-2025,VADILALIND,Smallcap,FMCG
03-04-2025,MANGCHEFER,Smallcap,Chemicals
03-04-2025,CSBBANK,Midcap,Bank
04-04-2025,KSCL,Midcap,FMCG
08-04-2025,CHOLAHLDNG,Largecap,Financials
09-04-2025,FAZE3Q,Smallcap,Textiles
11-04-2025,SARDAEN,Midcap,Metals & Mining
11-04-2025,STEELCAS,Smallcap,Industrials
15-04-2025,SAILIFE,Midcap,Healthcare
15-04-2025,HCG,Midcap,Healthcare
15-04-2025,DIAMONDYD,Smallcap,FMCG
17-04-2025,GUJTHEM,Smallcap,Healthcare
17-04-2025,ICEMAKE,Smallcap,Industrials
22-04-2025,SDBL,Smallcap,FMCG
22-04-2025,ASAHIINDIA,Largecap,Building Materials
22-04-2025,TBZ,Smallcap,Consumer Discretionary
23-04-2025,CHOICEIN,Midcap,Financials
23-04-2025,WAAREEENER,Largecap,Industrials
23-04-2025,NIVABUPA,Midcap,Financials
23-04-2025,TVSELECT,Smallcap,I.T
23-04-2025,SMSPHARMA,Smallcap,Healthcare
24-04-2025,BANARISUG,Smallcap,FMCG
24-04-2025,SAMHI,Smallcap,Services
24-04-2025,TRIVENI,Midcap,FMCG
24-04-2025,VSSL,Smallcap,Metals & Mining
25-04-2025,THYROCARE,Midcap,Healthcare
25-04-2025,SBILIFE,Largecap,Financials
28-04-2025,DCBBANK,Midcap,Bank
28-04-2025,RBLBANK,Midcap,Bank
28-04-2025,MANORAMA,Midcap,FMCG
28-04-2025,PARAS,Midcap,Aerospace & Defence
29-04-2025,COCHINSHIP,Largecap,Aerospace & Defence
29-04-2025,GRSE,Largecap,Aerospace & Defence
29-04-2025,PARAS,Midcap,Aerospace & Defence
30-04-2025,CEATLTD,Midcap,Auto
30-04-2025,VMM,Largecap,Consumer Discretionary
02-05-2025,FORCEMOT,Largecap,Auto
02-05-2025,MOIL,Midcap,Metals & Mining
02-05-2025,SPORTKING,Smallcap,Textiles
02-05-2025,NUVOCO,Midcap,Building Materials
05-05-2025,DLINKINDIA,Smallcap,Services
05-05-2025,PARAGMILK,Smallcap,FMCG
06-05-2025,CCL,Midcap,FMCG
06-05-2025,POLYMED,Midcap,Healthcare
07-05-2025,PEL,Largecap,Financials
07-05-2025,TNPETRO,Smallcap,Energy
07-05-2025,SANGAMIND,Smallcap,Textiles
07-05-2025,CCL,Midcap,FMCG
07-05-2025,ICIL,Midcap,Textiles
07-05-2025,KPRMILL,Largecap,Consumer Discretionary
08-05-2025,PRIVISCL,Midcap,Chemicals
08-05-2025,NIVABUPA,Midcap,Financials
08-05-2025,KPRMILL,Largecap,Consumer Discretionary
08-05-2025,SPAL,Smallcap,Textiles
08-05-2025,KRISHANA,Smallcap,Chemicals
09-05-2025,PREMEXPLN,Smallcap,Chemicals
09-05-2025,YESBANK,Largecap,Bank
09-05-2025,KPRMILL,Largecap,Consumer Discretionary
09-05-2025,APOLLO,Midcap,Aerospace & Defence
09-05-2025,CRAFTSMAN,Midcap,Auto
09-05-2025,SJS,Midcap,Auto
12-05-2025,MANINDS,Smallcap,Metals & Mining
12-05-2025,NDRAUTO,Smallcap,Auto
12-05-2025,MAPMYINDIA,Midcap,I.T
13-05-2025,BIRLACORPN,Midcap,Building Materials
13-05-2025,MANINDS,Smallcap,Metals & Mining
13-05-2025,CENTUM,Smallcap,Consumer Discretionary
13-05-2025,SUVEN,Smallcap,Healthcare
13-05-2025,TDPOWERSYS,Midcap,Industrials
13-05-2025,CARERATING,Smallcap,Financials
13-05-2025,BDL,Largecap,Aerospace & Defence
14-05-2025,DALMIASUG,Smallcap,FMCG
14-05-2025,INDORAMA,Smallcap,Textiles
14-05-2025,CEMPRO,Midcap,Realty
14-05-2025,HBLENGINE,Largecap,Auto
14-05-2025,SUVEN,Smallcap,Healthcare
14-05-2025,AIIL,Largecap,Financials
14-05-2025,COCHINSHIP,Largecap,Aerospace & Defence
14-05-2025,ONEPOINT,Smallcap,I.T
14-05-2025,MIDHANI,Midcap,Aerospace & Defence
15-05-2025,FOSECOIND,Smallcap,Chemicals
15-05-2025,TI,Midcap,FMCG
15-05-2025,NILKAMAL,Smallcap,Plastic products
15-05-2025,ASTRAMICRO,Midcap,Aerospace & Defence
15-05-2025,VASCONEQ,Smallcap,Realty
16-05-2025,UFLEX,Smallcap,Industrials
16-05-2025,SKFINDIA,Midcap,Industrials
16-05-2025,DHANUKA,Midcap,Chemicals
16-05-2025,EUREKAFORB,Midcap,Consumer Discretionary
16-05-2025,SANGAMIND,Smallcap,Textiles
16-05-2025,CLSEL,Smallcap,FMCG
16-05-2025,COCHINSHIP,Largecap,Aerospace & Defence
16-05-2025,RITES,Midcap,Miscellaneous
19-05-2025,GRAPHITE,Midcap,Industrials
19-05-2025,HEG,Midcap,Industrials
19-05-2025,DELHIVERY,Largecap,Transportation
19-05-2025,PRECWIRE,Smallcap,Metals & Mining
19-05-2025,BLSE,Smallcap,I.T
19-05-2025,KRBL,Midcap,FMCG
19-05-2025,NUCLEUS,Smallcap,I.T
19-05-2025,APLLTD,Midcap,Healthcare
19-05-2025,SHK,Smallcap,Chemicals
19-05-2025,GRINFRA,Midcap,Realty
20-05-2025,BASF,Midcap,Chemicals
20-05-2025,PFIZER,Largecap,Healthcare
20-05-2025,ZENSARTECH,Midcap,I.T
20-05-2025,TALBROAUTO,Smallcap,Auto
20-05-2025,INOXGREEN,Midcap,Miscellaneous
20-05-2025,YUKEN,Smallcap,Industrials
20-05-2025,SRM,Smallcap,Realty
20-05-2025,HPL,Smallcap,Industrials
20-05-2025,TATVA,Smallcap,Chemicals
21-05-2025,BANCOINDIA,Midcap,Auto
21-05-2025,GABRIEL,Midcap,Auto
21-05-2025,HONDAPOWER,Smallcap,Industrials
21-05-2025,HLEGLAS,Smallcap,Industrials
21-05-2025,RAMRAT,Smallcap,Metals & Mining
21-05-2025,DREDGECORP,Smallcap,Miscellaneous
21-05-2025,JKTYRE,Midcap,Auto
21-05-2025,GODIGIT,Largecap,Financials
21-05-2025,ECOSMOBLTY,Smallcap,Miscellaneous
21-05-2025,QPOWER,Midcap,Industrials
21-05-2025,TATVA,Smallcap,Chemicals
22-05-2025,COSMOFIRST,Smallcap,Industrials
22-05-2025,GRPLTD,Smallcap,FMCG
22-05-2025,POLYPLEX,Smallcap,Industrials
22-05-2025,CARYSIL,Smallcap,Consumer Discretionary
22-05-2025,EMCURE,Largecap,Healthcare
22-05-2025,INTERARCH,Smallcap,Metals & Mining
22-05-2025,NTPCGREEN,Largecap,Power & Utilities
22-05-2025,RAMCOSYS,Smallcap,I.T
22-05-2025,STAR,Midcap,Healthcare
22-05-2025,FORTIS,Largecap,Healthcare
22-05-2025,VRLLOG,Smallcap,Transportation
23-05-2025,IFCI,Midcap,Financials
23-05-2025,INDORAMA,Smallcap,Textiles
23-05-2025,FINPIPE,Midcap,Plastic products
23-05-2025,COSMOFIRST,Smallcap,Industrials
23-05-2025,VINDHYATEL,Smallcap,Realty
23-05-2025,GIPCL,Smallcap,Power & Utilities
23-05-2025,CENTUM,Smallcap,Consumer Discretionary
23-05-2025,HONASA,Midcap,Services
23-05-2025,APOLLOPIPE,Smallcap,Plastic products
23-05-2025,RPOWER,Midcap,Power & Utilities
23-05-2025,MCLOUD,Smallcap,I.T
23-05-2025,POWERMECH,Midcap,Realty
23-05-2025,HPL,Smallcap,Industrials
23-05-2025,CLEAN,Midcap,Chemicals
26-05-2025,BEML,Midcap,Aerospace & Defence
26-05-2025,FINPIPE,Midcap,Plastic products
26-05-2025,GILLETTE,Largecap,FMCG
26-05-2025,LLOYDSENT,Midcap,Services
26-05-2025,SUBROS,Midcap,Auto
26-05-2025,LINDEINDIA,Largecap,Chemicals
26-05-2025,SHILPAMED,Smallcap,Healthcare
26-05-2025,EMCURE,Largecap,Healthcare
26-05-2025,GODAVARIB,Smallcap,FMCG
26-05-2025,CAMLINFINE,Smallcap,Chemicals
26-05-2025,SAKSOFT,Smallcap,I.T
26-05-2025,SANDHAR,Smallcap,Auto
26-05-2025,TARSONS,Smallcap,Healthcare
27-05-2025,BAYERCROP,Largecap,Chemicals
27-05-2025,ITI,Largecap,Aerospace & Defence
27-05-2025,GODAVARIB,Smallcap,FMCG
27-05-2025,CAMLINFINE,Smallcap,Chemicals
27-05-2025,AURUM,Smallcap,I.T
27-05-2025,IPL,Smallcap,Chemicals
27-05-2025,SHRIRAMPPS,Smallcap,Realty
28-05-2025,IFCI,Midcap,Financials
28-05-2025,FMGOETZE,Smallcap,Auto
28-05-2025,LICI,Largecap,Financials
28-05-2025,MMTC,Midcap,Services
28-05-2025,RICOAUTO,Smallcap,Auto
28-05-2025,ITI,Largecap,Aerospace & Defence
28-05-2025,UNIMECH,Midcap,Aerospace & Defence
28-05-2025,TRIVENI,Midcap,FMCG
28-05-2025,SPARC,Smallcap,Healthcare
28-05-2025,SCHNEIDER,Midcap,Industrials
28-05-2025,TECHNOE,Midcap,Realty
28-05-2025,SIGACHI,Smallcap,Healthcare
29-05-2025,CUMMINSIND,Largecap,Industrials
29-05-2025,CASTROLIND,Midcap,Chemicals
29-05-2025,FMGOETZE,Smallcap,Auto
29-05-2025,DEEPAKNTR,Largecap,Chemicals
29-05-2025,IFBAGRO,Smallcap,FMCG
29-05-2025,MMTC,Midcap,Services
29-05-2025,ASAHIINDIA,Largecap,Building Materials
29-05-2025,FILATEX,Smallcap,Textiles
29-05-2025,DEEDEV,Smallcap,Metals & Mining
29-05-2025,WELCORP,Largecap,Industrials
29-05-2025,MAMATA,Smallcap,Industrials
29-05-2025,KIOCL,Largecap,Metals & Mining
30-05-2025,RALLIS,Smallcap,Chemicals
30-05-2025,RELTD,Smallcap,Industrials
30-05-2025,DOLATALGO,Smallcap,Financials
30-05-2025,STYRENIX,Smallcap,Energy
30-05-2025,MMTC,Midcap,Services
30-05-2025,ELGIEQUIP,Midcap,Industrials
30-05-2025,SAILIFE,Midcap,Healthcare
30-05-2025,ENGINERSIN,Midcap,Realty
30-05-2025,MOSCHIP,Smallcap,I.T
30-05-2025,SUZLON,Largecap,Industrials
30-05-2025,LUMAXTECH,Midcap,Auto
30-05-2025,TIIL,Midcap,Metals & Mining
30-05-2025,ASIANTILES,Smallcap,Building Materials
30-05-2025,DEN,Smallcap,Media
30-05-2025,GPPL,Midcap,Transportation
02-06-2025,IFBIND,Midcap,Consumer Discretionary
02-06-2025,ASTRAZEN,Largecap,Healthcare
02-06-2025,IFBAGRO,Smallcap,FMCG
02-06-2025,PENIND,Smallcap,Metals & Mining
02-06-2025,KROSS,Smallcap,Auto
02-06-2025,DIFFNKG,Smallcap,Industrials
02-06-2025,FIEMIND,Midcap,Auto
02-06-2025,LUMAXTECH,Midcap,Auto
02-06-2025,OMAXE,Smallcap,Realty
02-06-2025,IMAGICAA,Smallcap,Media
02-06-2025,KARURVYSYA,Largecap,Bank
02-06-2025,MBAPL,Smallcap,Chemicals
02-06-2025,NDRAUTO,Smallcap,Auto
03-06-2025,NFL,Smallcap,Chemicals
03-06-2025,RCF,Midcap,Chemicals
03-06-2025,FIEMIND,Midcap,Auto
03-06-2025,SHREEPUSHK,Smallcap,Chemicals
03-06-2025,TCIEXP,Smallcap,Transportation
03-06-2025,FACT,Largecap,Chemicals
03-06-2025,MADRASFERT,Smallcap,Chemicals
03-06-2025,KIOCL,Largecap,Metals & Mining
04-06-2025,NAVA,Midcap,Miscellaneous
04-06-2025,SERVOTECH,Smallcap,Industrials
04-06-2025,IRCON,Midcap,Realty
04-06-2025,RAILTEL,Midcap,Telecom-Service
05-06-2025,SUNFLAG,Smallcap,Metals & Mining
05-06-2025,HARIOMPIPE,Smallcap,Metals & Mining
05-06-2025,GARUDA,Smallcap,Realty
05-06-2025,BAJAJINDEF,Smallcap,Industrials
05-06-2025,PURVA,Midcap,Realty
05-06-2025,RAMASTEEL,Smallcap,Metals & Mining
05-06-2025,BHARATWIRE,Smallcap,Metals & Mining
05-06-2025,PILANIINVS,Midcap,Financials
06-06-2025,ABREL,Midcap,Realty
06-06-2025,GODREJIND,Largecap,Chemicals
06-06-2025,CHOLAHLDNG,Largecap,Financials
06-06-2025,DIVGIITTS,Smallcap,Auto
06-06-2025,BAJAJINDEF,Smallcap,Industrials
06-06-2025,TVSELECT,Smallcap,I.T
06-06-2025,MARINE,Smallcap,Industrials
06-06-2025,UJJIVANSFB,Midcap,Bank
09-06-2025,GOCLCORP,Smallcap,Chemicals
09-06-2025,SUDARSCHEM,Midcap,Chemicals
09-06-2025,SOMANYCERA,Smallcap,Building Materials
09-06-2025,BAJAJINDEF,Smallcap,Industrials
09-06-2025,CERA,Midcap,Building Materials
09-06-2025,TVSELECT,Smallcap,I.T
09-06-2025,RSYSTEMS,Smallcap,I.T
09-06-2025,DLINKINDIA,Smallcap,Services
09-06-2025,DBL,Midcap,Realty
09-06-2025,MAITHANALL,Smallcap,Metals & Mining
09-06-2025,BANDHANBNK,Largecap,Bank
09-06-2025,GRINFRA,Midcap,Realty
09-06-2025,SJS,Midcap,Auto
10-06-2025,PRSMJOHNSN,Midcap,Building Materials
10-06-2025,TATAINVEST,Smallcap,Financials
10-06-2025,NELCO,Smallcap,Telecom
10-06-2025,NESCO,Midcap,Realty
10-06-2025,GOCLCORP,Smallcap,Chemicals
10-06-2025,ALOKINDS,Midcap,Textiles
10-06-2025,KOKUYOCMLN,Smallcap,Miscellaneous
10-06-2025,LAOPALA,Smallcap,Building Materials
10-06-2025,GVPIL,Smallcap,Realty
10-06-2025,BFUTILITIE,Smallcap,Power & Utilities
10-06-2025,ADANIPOWER,Largecap,Power & Utilities
10-06-2025,RTNPOWER,Midcap,Power & Utilities
10-06-2025,RTNINDIA,Midcap,Financials
10-06-2025,AURUM,Smallcap,I.T
10-06-2025,GTPL,Smallcap,Media
11-06-2025,CRISIL,Largecap,Financials
11-06-2025,PRSMJOHNSN,Midcap,Building Materials
11-06-2025,NELCO,Smallcap,Telecom
11-06-2025,BLISSGVS,Smallcap,Healthcare
11-06-2025,GMBREW,Smallcap,FMCG
11-06-2025,VIPIND,Midcap,Plastic products
11-06-2025,SULA,Smallcap,FMCG
11-06-2025,LANDMARK,Smallcap,Consumer Discretionary
11-06-2025,AFSL,Smallcap,Financials
11-06-2025,EXICOM,Smallcap,Industrials
11-06-2025,WOCKPHARMA,Largecap,Healthcare
11-06-2025,PRABHA,Smallcap,Energy
11-06-2025,GTLINFRA,Smallcap,Telecom
11-06-2025,OIL,Largecap,Energy
11-06-2025,RTNPOWER,Midcap,Power & Utilities
11-06-2025,PFS,Smallcap,Financials
11-06-2025,RTNINDIA,Midcap,Financials
12-06-2025,MANALIPETC,Smallcap,Energy
12-06-2025,TI,Midcap,FMCG
12-06-2025,NAVA,Midcap,Miscellaneous
12-06-2025,SUBROS,Midcap,Auto
12-06-2025,KELLTONTEC,Smallcap,I.T
12-06-2025,INNOVACAP,Smallcap,Healthcare
12-06-2025,GTLINFRA,Smallcap,Telecom
12-06-2025,TANLA,Midcap,I.T
12-06-2025,EXPLEOSOL,Smallcap,I.T
12-06-2025,RHIM,Midcap,Building Materials
13-06-2025,TVSSRICHAK,Smallcap,Auto
13-06-2025,SCI,Midcap,Transportation
13-06-2025,PSPPROJECT,Smallcap,Realty
13-06-2025,JUBLINGREA,Midcap,Chemicals
13-06-2025,FINOPB,Smallcap,Bank
16-06-2025,SUBROS,Midcap,Auto
16-06-2025,CIFL,Smallcap,Financials
16-06-2025,STLTECH,Midcap,Industrials
16-06-2025,IGL,Largecap,Energy
16-06-2025,OMAXE,Smallcap,Realty
17-06-2025,KSL,Smallcap,Metals & Mining
17-06-2025,NRBBEARING,Smallcap,Industrials
17-06-2025,IKS,Largecap,I.T
17-06-2025,STLTECH,Midcap,Industrials
17-06-2025,RML,Smallcap,Auto
17-06-2025,GOKULAGRO,Smallcap,FMCG
17-06-2025,DODLA,Midcap,FMCG
18-06-2025,MANALIPETC,Smallcap,Energy
18-06-2025,EMIL,Midcap,Consumer Discretionary
18-06-2025,OPTIEMUS,Midcap,Services
18-06-2025,ZYDUSWELL,Smallcap,FMCG
18-06-2025,JPOLYINVST,Smallcap,Financials
18-06-2025,RPEL,Smallcap,Building Materials
19-06-2025,SPMLINFRA,Smallcap,Realty
19-06-2025,PUNJABCHEM,Smallcap,Chemicals
19-06-2025,AEROENTER,Smallcap,Metals & Mining
19-06-2025,GTPL,Smallcap,Media
19-06-2025,RBA,Smallcap,Consumer Discretionary
20-06-2025,SESHAPAPER,Smallcap,Building Materials
20-06-2025,ALKYLAMINE,Midcap,Chemicals
20-06-2025,HYUNDAI,Largecap,Auto
20-06-2025,WAAREEENER,Largecap,Industrials
20-06-2025,SAILIFE,Midcap,Healthcare
20-06-2025,GALLANTT,Midcap,Metals & Mining
20-06-2025,JPOLYINVST,Smallcap,Financials
20-06-2025,ENDURANCE,Largecap,Auto
23-06-2025,MRPL,Largecap,Energy
23-06-2025,CHENNPETRO,Midcap,Energy
23-06-2025,SPLPETRO,Midcap,Energy
23-06-2025,MARATHON,Smallcap,Realty
23-06-2025,ZEEL,Midcap,Media
23-06-2025,IRMENERGY,Smallcap,Energy
23-06-2025,BOROSCI,Smallcap,Building Materials
23-06-2025,NORTHARC,Smallcap,Financials
23-06-2025,MBAPL,Smallcap,Chemicals
24-06-2025,MUKANDLTD,Smallcap,Metals & Mining
24-06-2025,GARFIBRES,Midcap,Textiles
24-06-2025,BUTTERFLY,Smallcap,Consumer Discretionary
24-06-2025,EIEL,Smallcap,Realty
24-06-2025,LTFOODS,Midcap,FMCG
24-06-2025,IMFA,Midcap,Metals & Mining
24-06-2025,ASTEC,Smallcap,Chemicals
24-06-2025,BAJAJCON,Smallcap,FMCG
25-06-2025,MTNL,Smallcap,Telecom
25-06-2025,EIDPARRY,Midcap,FMCG
25-06-2025,KIRLOSBROS,Midcap,Industrials
25-06-2025,MAHSEAMLES,Midcap,Industrials
25-06-2025,DECCANCE,Smallcap,Building Materials
25-06-2025,ALKYLAMINE,Midcap,Chemicals
25-06-2025,ARIHANTCAP,Smallcap,Financials
25-06-2025,BALAMINES,Smallcap,Chemicals
25-06-2025,AKUMS,Midcap,Healthcare
25-06-2025,NETWORK18,Midcap,Media
25-06-2025,DEN,Smallcap,Media
25-06-2025,HATHWAY,Smallcap,Telecom-Service
25-06-2025,VSSL,Smallcap,Metals & Mining
25-06-2025,SAMMAANCAP,Midcap,Financials
25-06-2025,SOLARA,Smallcap,Healthcare
25-06-2025,INDIAMART,Midcap,I.T
26-06-2025,APARINDS,Largecap,Industrials
26-06-2025,POCL,Smallcap,Metals & Mining
26-06-2025,ASTEC,Smallcap,Chemicals
26-06-2025,TIINDIA,Largecap,Industrials
27-06-2025,GODFRYPHLP,Largecap,FMCG
27-06-2025,HSCL,Largecap,Chemicals
27-06-2025,KIRLOSBROS,Midcap,Industrials
27-06-2025,KIRLOSIND,Smallcap,Financials
27-06-2025,SMLISUZU,Smallcap,Auto
27-06-2025,SANGAMIND,Smallcap,Textiles
27-06-2025,BHARTIHEXA,Largecap,Telecom-Service
27-06-2025,INDRAMEDCO,Midcap,Healthcare
27-06-2025,POCL,Smallcap,Metals & Mining
27-06-2025,PFOCUS,Midcap,Realty
27-06-2025,HUBTOWN,Smallcap,Realty
27-06-2025,LLOYDSENGG,Midcap,Industrials
27-06-2025,ATGL,Largecap,Energy
30-06-2025,RAYMOND,Smallcap,Transportation
30-06-2025,ALEMBICLTD,Smallcap,Realty
30-06-2025,DHANUKA,Midcap,Chemicals
30-06-2025,SBFC,Midcap,Financials
30-06-2025,RAYMONDLSL,Midcap,Textiles
30-06-2025,SANOFICONR,Midcap,Healthcare
30-06-2025,INDRAMEDCO,Midcap,Healthcare
30-06-2025,APLLTD,Midcap,Healthcare
30-06-2025,AAVAS,Midcap,Financials
30-06-2025,HERANBA,Smallcap,Chemicals
01-07-2025,RAYMOND,Smallcap,Transportation
01-07-2025,JKLAKSHMI,Midcap,Building Materials
01-07-2025,ASAHIINDIA,Largecap,Building Materials
01-07-2025,FILATEX,Smallcap,Textiles
01-07-2025,SINDHUTRAD,Smallcap,Transportation
01-07-2025,QUICKHEAL,Smallcap,I.T
01-07-2025,ZOTA,Smallcap,Healthcare
02-07-2025,TVSSRICHAK,Smallcap,Auto
02-07-2025,VENUSPIPES,Smallcap,Metals & Mining
02-07-2025,KALAMANDIR,Smallcap,Consumer Discretionary
02-07-2025,FLAIR,Smallcap,Miscellaneous
02-07-2025,SHARDAMOTR,Midcap,Auto
02-07-2025,RITES,Midcap,Miscellaneous
02-07-2025,HERANBA,Smallcap,Chemicals
03-07-2025,MUKANDLTD,Smallcap,Metals & Mining
03-07-2025,HONAUT,Largecap,Consumer Discretionary
03-07-2025,DCMSHRIRAM,Midcap,Miscellaneous
03-07-2025,TRANSRAILL,Midcap,Realty
03-07-2025,SAKSOFT,Smallcap,I.T
03-07-2025,IFGLEXPOR,Smallcap,Building Materials
03-07-2025,ASTERDM,Largecap,Healthcare
04-07-2025,CHENNPETRO,Midcap,Energy
04-07-2025,WSTCSTPAPR,Smallcap,Building Materials
04-07-2025,SMLISUZU,Smallcap,Auto
04-07-2025,JGCHEM,Smallcap,Chemicals
04-07-2025,TNPL,Smallcap,Building Materials
04-07-2025,SINDHUTRAD,Smallcap,Transportation
04-07-2025,JKPAPER,Midcap,Building Materials
04-07-2025,PCJEWELLER,Midcap,Consumer Discretionary
04-07-2025,MUFIN,Smallcap,Financials
04-07-2025,SAPPHIRE,Midcap,Consumer Discretionary
07-07-2025,SWARAJENG,Smallcap,Industrials
07-07-2025,PENINLAND,Smallcap,Realty
07-07-2025,HNDFDS,Midcap,FMCG
07-07-2025,JGCHEM,Smallcap,Chemicals
07-07-2025,RELAXO,Midcap,Consumer Discretionary
07-07-2025,KRN,Midcap,Industrials
07-07-2025,JPPOWER,Midcap,Power & Utilities
07-07-2025,AURIONPRO,Midcap,I.T
07-07-2025,PCJEWELLER,Midcap,Consumer Discretionary
08-07-2025,HARIOMPIPE,Smallcap,Metals & Mining
08-07-2025,VENUSPIPES,Smallcap,Metals & Mining
08-07-2025,ALOKINDS,Midcap,Textiles
08-07-2025,SONATSOFTW,Midcap,I.T
08-07-2025,LEMONTREE,Midcap,Services
08-07-2025,KRSNAA,Smallcap,Healthcare
09-07-2025,SMLISUZU,Smallcap,Auto
09-07-2025,SYRMA,Midcap,Consumer Discretionary
09-07-2025,ALICON,Smallcap,Industrials
09-07-2025,STANLEY,Smallcap,Consumer Discretionary
09-07-2025,EVEREADY,Smallcap,Industrials
09-07-2025,NIVABUPA,Midcap,Financials
09-07-2025,MSPL,Smallcap,Metals & Mining
09-07-2025,THEJO,Smallcap,Industrials
09-07-2025,METROPOLIS,Midcap,Healthcare
09-07-2025,MUFIN,Smallcap,Financials
10-07-2025,SPMLINFRA,Smallcap,Realty
10-07-2025,PENINLAND,Smallcap,Realty
10-07-2025,CAMPUS,Midcap,Consumer Discretionary
10-07-2025,FLAIR,Smallcap,Miscellaneous
10-07-2025,GARUDA,Smallcap,Realty
10-07-2025,ACMESOLAR,Midcap,Realty
10-07-2025,MAMATA,Smallcap,Industrials
10-07-2025,TCI,Midcap,Transportation
10-07-2025,QPOWER,Midcap,Industrials
10-07-2025,KIRLOSENG,Midcap,Industrials
10-07-2025,LEMONTREE,Midcap,Services
10-07-2025,KMEW,Smallcap,Transportation
11-07-2025,JAGSNPHARM,Smallcap,Healthcare
11-07-2025,NETWEB,Midcap,I.T
11-07-2025,GPTHEALTH,Smallcap,Healthcare
11-07-2025,CUPID,Midcap,FMCG
11-07-2025,EIEL,Smallcap,Realty
11-07-2025,GLENMARK,Largecap,Healthcare
11-07-2025,DATAMATICS,Midcap,I.T
11-07-2025,RELIGARE,Midcap,Financials
14-07-2025,PEL,Largecap,Financials
14-07-2025,VIPIND,Midcap,Plastic products
14-07-2025,DDEVPLSTIK,Smallcap,Chemicals
14-07-2025,CONTROLPR,Smallcap,I.T
14-07-2025,NEULANDLAB,Largecap,Healthcare
14-07-2025,THYROCARE,Midcap,Healthcare
14-07-2025,ANANDRATHI,Largecap,Financials
15-07-2025,SWARAJENG,Smallcap,Industrials
15-07-2025,SWANCORP,Midcap,Textiles
15-07-2025,ANANTRAJ,Largecap,Realty
15-07-2025,JAYNECOIND,Midcap,Metals & Mining
15-07-2025,AARTIDRUGS,Smallcap,Healthcare
15-07-2025,ALLCARGO,Smallcap,Transportation
15-07-2025,AHLUCONT,Midcap,Realty
15-07-2025,RUPA,Smallcap,Consumer Discretionary
15-07-2025,WAAREERTL,Midcap,Power & Utilities
15-07-2025,FACT,Largecap,Chemicals
15-07-2025,MIDHANI,Midcap,Aerospace & Defence
15-07-2025,SPANDANA,Smallcap,Financials
15-07-2025,ROSSARI,Smallcap,Chemicals
16-07-2025,DECCANCE,Smallcap,Building Materials
16-07-2025,SAURASHCEM,Smallcap,Building Materials
16-07-2025,SHREDIGCEM,Smallcap,Building Materials
16-07-2025,TI,Midcap,FMCG
16-07-2025,GREENPLY,Smallcap,Building Materials
16-07-2025,PLATIND,Smallcap,Chemicals
16-07-2025,CERA,Midcap,Building Materials
16-07-2025,SHOPERSTOP,Midcap,Consumer Discretionary
16-07-2025,ALLCARGO,Smallcap,Transportation
16-07-2025,NETWORK18,Midcap,Media
16-07-2025,VASCONEQ,Smallcap,Realty
16-07-2025,HATHWAY,Smallcap,Telecom-Service
16-07-2025,MCLOUD,Smallcap,I.T
16-07-2025,GREENLAM,Midcap,Building Materials
16-07-2025,SPORTKING,Smallcap,Textiles
16-07-2025,MASFIN,Midcap,Financials
16-07-2025,METROPOLIS,Midcap,Healthcare
17-07-2025,OAL,Smallcap,Chemicals
17-07-2025,THERMAX,Largecap,Industrials
17-07-2025,THOMASCOOK,Midcap,Miscellaneous
17-07-2025,ALOKINDS,Midcap,Textiles
17-07-2025,PLATIND,Smallcap,Chemicals
17-07-2025,IXIGO,Midcap,I.T
17-07-2025,HGS,Smallcap,I.T
17-07-2025,NAVKARCORP,Smallcap,Transportation
18-07-2025,IGPL,Smallcap,Chemicals
18-07-2025,MANALIPETC,Smallcap,Energy
18-07-2025,SAGCEM,Smallcap,Building Materials
18-07-2025,HERITGFOOD,Smallcap,FMCG
18-07-2025,STERTOOLS,Smallcap,Industrials
18-07-2025,CUPID,Midcap,FMCG
18-07-2025,GARUDA,Smallcap,Realty
18-07-2025,GMDCLTD,Midcap,Metals & Mining
18-07-2025,DENTA,Smallcap,Realty
18-07-2025,INFOBEAN,Smallcap,I.T
18-07-2025,TATVA,Smallcap,Chemicals
21-07-2025,SAURASHCEM,Smallcap,Building Materials
21-07-2025,TI,Midcap,FMCG
21-07-2025,PARADEEP,Midcap,Chemicals
21-07-2025,MASTEK,Midcap,I.T
21-07-2025,BCLIND,Smallcap,FMCG
21-07-2025,MANGCHEFER,Smallcap,Chemicals
21-07-2025,SWELECTES,Smallcap,Industrials
21-07-2025,STALLION,Smallcap,Chemicals
21-07-2025,DENTA,Smallcap,Realty
21-07-2025,AURUM,Smallcap,I.T
21-07-2025,MAXIND,Smallcap,Financials
21-07-2025,KIOCL,Largecap,Metals & Mining
21-07-2025,BORORENEW,Midcap,Building Materials
22-07-2025,AGI,Midcap,Industrials
22-07-2025,BIRLACORPN,Midcap,Building Materials
22-07-2025,TI,Midcap,FMCG
22-07-2025,ARIHANTCAP,Smallcap,Financials
22-07-2025,AVTNPL,Smallcap,FMCG
22-07-2025,RACLGEAR,Smallcap,Auto
22-07-2025,SHANTIGEAR,Smallcap,Industrials
22-07-2025,INDIACEM,Midcap,Building Materials
22-07-2025,SWIGGY,Largecap,I.T
22-07-2025,SWELECTES,Smallcap,Industrials
22-07-2025,RHIM,Midcap,Building Materials
22-07-2025,SHARDAMOTR,Midcap,Auto
22-07-2025,ETERNAL,Largecap,I.T
23-07-2025,BOMDYEING,Smallcap,Textiles
23-07-2025,MRPL,Largecap,Energy
23-07-2025,ELGIEQUIP,Midcap,Industrials
23-07-2025,JAYNECOIND,Midcap,Metals & Mining
23-07-2025,ROSSTECH,Smallcap,Aerospace & Defence
23-07-2025,PNBGILTS,Smallcap,Financials
23-07-2025,DATAMATICS,Midcap,I.T
23-07-2025,RADHIKAJWE,Smallcap,Consumer Discretionary
23-07-2025,KIOCL,Largecap,Metals & Mining
23-07-2025,INFOBEAN,Smallcap,I.T
23-07-2025,SHALBY,Smallcap,Healthcare
23-07-2025,CREDITACC,Largecap,Financials
23-07-2025,GREENPANEL,Smallcap,Building Materials
24-07-2025,FORCEMOT,Largecap,Auto
24-07-2025,JAYNECOIND,Midcap,Metals & Mining
24-07-2025,SENORES,Smallcap,Healthcare
24-07-2025,PNBGILTS,Smallcap,Financials
24-07-2025,OLECTRA,Midcap,Auto
24-07-2025,POCL,Smallcap,Metals & Mining
24-07-2025,MANAKCOAT,Smallcap,Metals & Mining
24-07-2025,THYROCARE,Midcap,Healthcare
24-07-2025,SPIC,Smallcap,Chemicals
24-07-2025,INFOBEAN,Smallcap,I.T
24-07-2025,VIJAYA,Midcap,Healthcare
25-07-2025,KELLTONTEC,Smallcap,I.T
25-07-2025,VIMTALABS,Smallcap,Healthcare
25-07-2025,SHARDACROP,Midcap,Chemicals
25-07-2025,SOLARA,Smallcap,Healthcare
25-07-2025,TATVA,Smallcap,Chemicals
28-07-2025,SUDARSCHEM,Midcap,Chemicals
28-07-2025,JAGSNPHARM,Smallcap,Healthcare
28-07-2025,VIMTALABS,Smallcap,Healthcare
28-07-2025,LAURUSLABS,Largecap,Healthcare
28-07-2025,MANORAMA,Midcap,FMCG
28-07-2025,CARTRADE,Midcap,Consumer Discretionary
29-07-2025,TATACHEM,Largecap,Chemicals
29-07-2025,HIRECT,Smallcap,Consumer Discretionary
29-07-2025,PUNJABCHEM,Smallcap,Chemicals
29-07-2025,GUJTHEM,Smallcap,Healthcare
29-07-2025,GATEWAY,Smallcap,Transportation
29-07-2025,PARADEEP,Midcap,Chemicals
29-07-2025,VIMTALABS,Smallcap,Healthcare
29-07-2025,MANGCHEFER,Smallcap,Chemicals
29-07-2025,APARINDS,Largecap,Industrials
29-07-2025,PURVA,Midcap,Realty
29-07-2025,ZUARI,Smallcap,Chemicals
29-07-2025,ARVINDFASN,Midcap,Services
29-07-2025,IIFLCAPS,Midcap,Financials
30-07-2025,FOSECOIND,Smallcap,Chemicals
30-07-2025,SAURASHCEM,Smallcap,Building Materials
30-07-2025,HIRECT,Smallcap,Consumer Discretionary
30-07-2025,BLISSGVS,Smallcap,Healthcare
30-07-2025,GUFICBIO,Smallcap,Healthcare
30-07-2025,VISHNU,Smallcap,Chemicals
30-07-2025,IOLCP,Smallcap,Healthcare
30-07-2025,JUBLPHARMA,Midcap,Healthcare
30-07-2025,GALLANTT,Midcap,Metals & Mining
30-07-2025,MOLDTKPAC,Smallcap,Industrials
30-07-2025,ZUARI,Smallcap,Chemicals
30-07-2025,MADRASFERT,Smallcap,Chemicals
30-07-2025,NIACL,Largecap,Financials
30-07-2025,SUMICHEM,Largecap,Chemicals
30-07-2025,CRAFTSMAN,Midcap,Auto
30-07-2025,EPIGRAL,Midcap,Chemicals
31-07-2025,GREAVESCOT,Smallcap,Industrials
31-07-2025,HEG,Midcap,Industrials
31-07-2025,KAYNES,Largecap,Consumer Discretionary
31-07-2025,EPACK,Smallcap,Consumer Discretionary
31-07-2025,STALLION,Smallcap,Chemicals
31-07-2025,ZUARI,Smallcap,Chemicals
31-07-2025,ACUTAAS,Midcap,Healthcare
01-08-2025,PGHL,Midcap,Healthcare
01-08-2025,SPLPETRO,Midcap,Energy
01-08-2025,NETWEB,Midcap,I.T
01-08-2025,HESTERBIO,Smallcap,Healthcare
01-08-2025,SUZLON,Largecap,Industrials
01-08-2025,SKIPPER,Midcap,Industrials
01-08-2025,KIOCL,Largecap,Metals & Mining
04-08-2025,ZUARIIND,Smallcap,FMCG
04-08-2025,PENINLAND,Smallcap,Realty
04-08-2025,SARDAEN,Midcap,Metals & Mining
04-08-2025,DELHIVERY,Largecap,Transportation
04-08-2025,CGCL,Midcap,Financials
04-08-2025,ATHERENERG,Largecap,Auto
04-08-2025,DEEPINDS,Smallcap,Energy
04-08-2025,ENDURANCE,Largecap,Auto
04-08-2025,KIOCL,Largecap,Metals & Mining
04-08-2025,STARCEMENT,Midcap,Building Materials
04-08-2025,ABCAPITAL,Largecap,Financials
05-08-2025,PRAKASH,Smallcap,Metals & Mining
05-08-2025,TANLA,Midcap,I.T
05-08-2025,TBZ,Smallcap,Consumer Discretionary
06-08-2025,SARDAEN,Midcap,Metals & Mining
06-08-2025,AJMERA,Smallcap,Realty
06-08-2025,CENTUM,Smallcap,Consumer Discretionary
06-08-2025,BLACKBUCK,Midcap,Transportation
06-08-2025,TRANSRAILL,Midcap,Realty
07-08-2025,KIRLOSBROS,Midcap,Industrials
07-08-2025,RAIN,Smallcap,Miscellaneous
07-08-2025,AVALON,Midcap,Consumer Discretionary
07-08-2025,INDOFARM,Smallcap,Auto
07-08-2025,IZMO,Smallcap,I.T
08-08-2025,GSFC,Midcap,Chemicals
08-08-2025,MEDANTA,Largecap,Healthcare
08-08-2025,KPIL,Largecap,Realty
08-08-2025,DIVGIITTS,Smallcap,Auto
08-08-2025,INDIASHLTR,Midcap,Financials
08-08-2025,KRBL,Midcap,FMCG
08-08-2025,JUBLCPL,Smallcap,Chemicals
11-08-2025,UNIVCABLES,Smallcap,Industrials
11-08-2025,HARIOMPIPE,Smallcap,Metals & Mining
11-08-2025,HBLENGINE,Largecap,Auto
11-08-2025,DVL,Smallcap,Services
11-08-2025,YATRA,Smallcap,I.T
11-08-2025,VSTTILLERS,Smallcap,Auto
11-08-2025,SAILIFE,Midcap,Healthcare
11-08-2025,GVPIL,Smallcap,Realty
12-08-2025,YATRA,Smallcap,I.T
12-08-2025,MEDIASSIST,Smallcap,Miscellaneous
12-08-2025,STARCEMENT,Midcap,Building Materials
12-08-2025,ZOTA,Smallcap,Healthcare
12-08-2025,HERANBA,Smallcap,Chemicals
13-08-2025,EIHOTEL,Largecap,Services
13-08-2025,APOLLOHOSP,Largecap,Healthcare
13-08-2025,ACI,Midcap,Chemicals
13-08-2025,LANDMARK,Smallcap,Consumer Discretionary
13-08-2025,JMFINANCIL,Midcap,Financials
13-08-2025,YATRA,Smallcap,I.T
13-08-2025,TECHNOE,Midcap,Realty
13-08-2025,WINDLAS,Smallcap,Healthcare
13-08-2025,NYKAA,Largecap,I.T
14-08-2025,SBCL,Smallcap,Metals & Mining
14-08-2025,RICOAUTO,Smallcap,Auto
14-08-2025,RISHABH,Smallcap,Industrials
14-08-2025,SWELECTES,Smallcap,Industrials
14-08-2025,EKC,Smallcap,Industrials
14-08-2025,MUTHOOTFIN,Largecap,Financials
14-08-2025,HINDWAREAP,Smallcap,Consumer Discretionary
18-08-2025,SPLPETRO,Midcap,Energy
18-08-2025,ASHOKLEY,Largecap,Auto
18-08-2025,ESCORTS,Largecap,Auto
18-08-2025,PENIND,Smallcap,Metals & Mining
18-08-2025,RICOAUTO,Smallcap,Auto
18-08-2025,RISHABH,Smallcap,Industrials
18-08-2025,SIGNPOST,Smallcap,Miscellaneous
18-08-2025,HYUNDAI,Largecap,Auto
18-08-2025,ROSSTECH,Smallcap,Aerospace & Defence
18-08-2025,MARUTI,Largecap,Auto
18-08-2025,ENDURANCE,Largecap,Auto
18-08-2025,AVL,Midcap,Consumer Discretionary
18-08-2025,SPIC,Smallcap,Chemicals
18-08-2025,STOVEKRAFT,Smallcap,Consumer Discretionary
19-08-2025,JAMNAAUTO,Smallcap,Auto
19-08-2025,HLEGLAS,Smallcap,Industrials
19-08-2025,SIGNPOST,Smallcap,Miscellaneous
19-08-2025,GVPIL,Smallcap,Realty
19-08-2025,DENTA,Smallcap,Realty
19-08-2025,FIEMIND,Midcap,Auto
19-08-2025,BGRENERGY,Smallcap,Realty
19-08-2025,SJS,Midcap,Auto
20-08-2025,FOSECOIND,Smallcap,Chemicals
20-08-2025,SHREDIGCEM,Smallcap,Building Materials
20-08-2025,HLEGLAS,Smallcap,Industrials
20-08-2025,GOODLUCK,Smallcap,Metals & Mining
20-08-2025,WCIL,Smallcap,Transportation
20-08-2025,INDOFARM,Smallcap,Auto
20-08-2025,DENTA,Smallcap,Realty
21-08-2025,NAVNETEDUL,Smallcap,Miscellaneous
21-08-2025,JAICORPLTD,Smallcap,Plastic products
21-08-2025,NAVA,Midcap,Miscellaneous
21-08-2025,LANDMARK,Smallcap,Consumer Discretionary
21-08-2025,INDIACEM,Midcap,Building Materials
22-08-2025,FOSECOIND,Smallcap,Chemicals
22-08-2025,IZMO,Smallcap,I.T
22-08-2025,ROHLTD,Smallcap,Services
22-08-2025,GPIL,Midcap,Metals & Mining
22-08-2025,RSYSTEMS,Smallcap,I.T
22-08-2025,APOLLO,Midcap,Aerospace & Defence
25-08-2025,SHREDIGCEM,Smallcap,Building Materials
25-08-2025,IZMO,Smallcap,I.T
25-08-2025,RSYSTEMS,Smallcap,I.T
25-08-2025,ECLERX,Largecap,I.T
25-08-2025,PDMJEPAPER,Smallcap,Building Materials
25-08-2025,TEMBO,Smallcap,Consumer Discretionary
25-08-2025,RATEGAIN,Midcap,I.T
26-08-2025,LUMAXIND,Smallcap,Auto
26-08-2025,IZMO,Smallcap,I.T
26-08-2025,SUMMITSEC,Smallcap,Financials
29-08-2025,RELAXO,Midcap,Consumer Discretionary
29-08-2025,JINDALPHOT,Smallcap,Financials
01-09-2025,HUHTAMAKI,Smallcap,Industrials
01-09-2025,ZYDUSWELL,Smallcap,FMCG
01-09-2025,ATHERENERG,Largecap,Auto
01-09-2025,JINDALPHOT,Smallcap,Financials
02-09-2025,GREAVESCOT,Smallcap,Industrials
02-09-2025,JAICORPLTD,Smallcap,Plastic products
02-09-2025,BHARATSE,Smallcap,Auto
02-09-2025,BALMLAWRIE,Smallcap,Miscellaneous
02-09-2025,VIMTALABS,Smallcap,Healthcare
03-09-2025,JAICORPLTD,Smallcap,Plastic products
03-09-2025,MANINDS,Smallcap,Metals & Mining
03-09-2025,MAHASTEEL,Smallcap,Metals & Mining
03-09-2025,NETWEB,Midcap,I.T
03-09-2025,VIMTALABS,Smallcap,Healthcare
03-09-2025,TBOTEK,Midcap,I.T
03-09-2025,TDPOWERSYS,Midcap,Industrials
03-09-2025,HEMIPROP,Smallcap,Realty
04-09-2025,SAGCEM,Smallcap,Building Materials
04-09-2025,DOMS,Midcap,Miscellaneous
04-09-2025,DIFFNKG,Smallcap,Industrials
04-09-2025,MOSCHIP,Smallcap,I.T
04-09-2025,AVL,Midcap,Consumer Discretionary
05-09-2025,NETWEB,Midcap,I.T
05-09-2025,FIRSTCRY,Midcap,Consumer Discretionary
05-09-2025,ATULAUTO,Smallcap,Auto
05-09-2025,GMDCLTD,Midcap,Metals & Mining
05-09-2025,AVANTEL,Smallcap,Aerospace & Defence
05-09-2025,MOSCHIP,Smallcap,I.T
05-09-2025,POCL,Smallcap,Metals & Mining
05-09-2025,VASCONEQ,Smallcap,Realty
05-09-2025,SHALBY,Smallcap,Healthcare
08-09-2025,IOLCP,Smallcap,Healthcare
08-09-2025,RAMCOIND,Smallcap,Building Materials
08-09-2025,GALLANTT,Midcap,Metals & Mining
08-09-2025,MICEL,Smallcap,Consumer Discretionary
08-09-2025,MUFIN,Smallcap,Financials
09-09-2025,JTEKTINDIA,Smallcap,Auto
09-09-2025,IOLCP,Smallcap,Healthcare
09-09-2025,PFOCUS,Midcap,Realty
09-09-2025,PRECAM,Smallcap,Auto
09-09-2025,SALASAR,Smallcap,Metals & Mining
09-09-2025,AFFLE,Largecap,I.T
10-09-2025,DDEVPLSTIK,Smallcap,Chemicals
10-09-2025,INDRAMEDCO,Midcap,Healthcare
10-09-2025,SMSPHARMA,Smallcap,Healthcare
11-09-2025,IKIO,Smallcap,Consumer Discretionary
11-09-2025,SANGHVIMOV,Smallcap,Miscellaneous
11-09-2025,PICCADIL,Midcap,FMCG
11-09-2025,SWELECTES,Smallcap,Industrials
11-09-2025,MSPL,Smallcap,Metals & Mining
11-09-2025,SMSPHARMA,Smallcap,Healthcare
11-09-2025,WAAREERTL,Midcap,Power & Utilities
11-09-2025,GREENPANEL,Smallcap,Building Materials
12-09-2025,KMEW,Smallcap,Transportation
15-09-2025,BANCOINDIA,Midcap,Auto
15-09-2025,GMRP&UI,Midcap,Realty
15-09-2025,HARIOMPIPE,Smallcap,Metals & Mining
15-09-2025,SIMPLEXINF,Smallcap,Realty
15-09-2025,NORTHARC,Smallcap,Financials
15-09-2025,TVSELECT,Smallcap,I.T
15-09-2025,GPIL,Midcap,Metals & Mining
15-09-2025,SHREEPUSHK,Smallcap,Chemicals
15-09-2025,GOKULAGRO,Smallcap,FMCG
15-09-2025,PARAGMILK,Smallcap,FMCG
15-09-2025,VEEDOL,Smallcap,Chemicals
15-09-2025,KMEW,Smallcap,Transportation
16-09-2025,GESHIP,Midcap,Transportation
16-09-2025,USHAMART,Midcap,Metals & Mining
16-09-2025,SRM,Smallcap,Realty
16-09-2025,VASCONEQ,Smallcap,Realty
17-09-2025,REDTAPE,Midcap,Consumer Discretionary
17-09-2025,PREMEXPLN,Smallcap,Chemicals
17-09-2025,PLATIND,Smallcap,Chemicals
17-09-2025,DHANI,Smallcap,Financials
17-09-2025,IPL,Smallcap,Chemicals
17-09-2025,SANSERA,Midcap,Auto
18-09-2025,BANCOINDIA,Midcap,Auto
18-09-2025,PRSMJOHNSN,Midcap,Building Materials
18-09-2025,TATAINVEST,Smallcap,Financials
18-09-2025,UNIVCABLES,Smallcap,Industrials
18-09-2025,HERITGFOOD,Smallcap,FMCG
18-09-2025,POONAWALLA,Largecap,Financials
18-09-2025,IRMENERGY,Smallcap,Energy
18-09-2025,DENTA,Smallcap,Realty
18-09-2025,TVSELECT,Smallcap,I.T
18-09-2025,BAJAJCON,Smallcap,FMCG
18-09-2025,HITECH,Smallcap,Metals & Mining
18-09-2025,RBA,Smallcap,Consumer Discretionary
19-09-2025,ANANTRAJ,Largecap,Realty
19-09-2025,TANLA,Midcap,I.T
19-09-2025,ADANIPOWER,Largecap,Power & Utilities
22-09-2025,IFBIND,Midcap,Consumer Discretionary
22-09-2025,GUJTHEM,Smallcap,Healthcare
22-09-2025,MMTC,Midcap,Services
22-09-2025,CONTROLPR,Smallcap,I.T
22-09-2025,ARISINFRA,Smallcap,Services
22-09-2025,ADANIENSOL,Largecap,Power & Utilities
22-09-2025,SHREEPUSHK,Smallcap,Chemicals
22-09-2025,SHALBY,Smallcap,Healthcare
22-09-2025,ADANIGREEN,Largecap,Power & Utilities
22-09-2025,ATGL,Largecap,Energy
22-09-2025,BORORENEW,Midcap,Building Materials
23-09-2025,ZUARIIND,Smallcap,FMCG
23-09-2025,TATAINVEST,Smallcap,Financials
23-09-2025,BOROLTD,Smallcap,Building Materials
23-09-2025,SUBROS,Midcap,Auto
23-09-2025,NRBBEARING,Smallcap,Industrials
23-09-2025,BFUTILITIE,Smallcap,Power & Utilities
23-09-2025,SUPRAJIT,Midcap,Auto
23-09-2025,TVSELECT,Smallcap,I.T
23-09-2025,MONTECARLO,Smallcap,Textiles
24-09-2025,ZUARIIND,Smallcap,FMCG
24-09-2025,TATAINVEST,Smallcap,Financials
24-09-2025,SANDUMA,Midcap,Metals & Mining
24-09-2025,RANEHOLDIN,Smallcap,Financials
24-09-2025,PRECWIRE,Smallcap,Metals & Mining
24-09-2025,ASKAUTOLTD,Midcap,Auto
24-09-2025,NSIL,Smallcap,Financials
24-09-2025,LUMAXTECH,Midcap,Auto
24-09-2025,MINDACORP,Midcap,Auto
24-09-2025,WHEELS,Smallcap,Auto
24-09-2025,IFGLEXPOR,Smallcap,Building Materials
25-09-2025,ZUARIIND,Smallcap,FMCG
25-09-2025,RACLGEAR,Smallcap,Auto
25-09-2025,TVSELECT,Smallcap,I.T
25-09-2025,MAXIND,Smallcap,Financials
26-09-2025,RACLGEAR,Smallcap,Auto
29-09-2025,VASCONEQ,Smallcap,Realty
29-09-2025,VSSL,Smallcap,Metals & Mining
29-09-2025,SAMMAANCAP,Midcap,Financials
30-09-2025,TATAINVEST,Smallcap,Financials
30-09-2025,IFGLEXPOR,Smallcap,Building Materials
01-10-2025,TVSSRICHAK,Smallcap,Auto
01-10-2025,MAHASTEEL,Smallcap,Metals & Mining
01-10-2025,INDNIPPON,Smallcap,Auto
01-10-2025,GREENPANEL,Smallcap,Building Materials
01-10-2025,HEMIPROP,Smallcap,Realty
01-10-2025,SURYODAY,Smallcap,Bank
01-10-2025,RATEGAIN,Midcap,I.T
03-10-2025,AEGISLOG,Largecap,Services
03-10-2025,ANDHRAPAP,Smallcap,Building Materials
03-10-2025,SANDUMA,Midcap,Metals & Mining
03-10-2025,PRECWIRE,Smallcap,Metals & Mining
03-10-2025,ORIENTTECH,Smallcap,I.T
03-10-2025,JKPAPER,Midcap,Building Materials
03-10-2025,ASTRAMICRO,Midcap,Aerospace & Defence
03-10-2025,MOIL,Midcap,Metals & Mining
03-10-2025,PTCIL,Largecap,Industrials
03-10-2025,ORISSAMINE,Smallcap,Metals & Mining
03-10-2025,KIOCL,Largecap,Metals & Mining
03-10-2025,SHYAMMETL,Largecap,Metals & Mining
06-10-2025,IXIGO,Midcap,I.T
06-10-2025,ORIENTTECH,Smallcap,I.T
06-10-2025,ITDC,Midcap,Services
06-10-2025,FORTIS,Largecap,Healthcare
06-10-2025,KIOCL,Largecap,Metals & Mining
06-10-2025,IFGLEXPOR,Smallcap,Building Materials
06-10-2025,NYKAA,Largecap,I.T
07-10-2025,SHAILY,Midcap,Plastic products
07-10-2025,UNIPARTS,Smallcap,Industrials
07-10-2025,AVALON,Midcap,Consumer Discretionary
07-10-2025,INDRAMEDCO,Midcap,Healthcare
07-10-2025,IGL,Largecap,Energy
07-10-2025,RAMKY,Smallcap,Realty
08-10-2025,IFBAGRO,Smallcap,FMCG
08-10-2025,JAICORPLTD,Smallcap,Plastic products
08-10-2025,SEQUENT,Midcap,Healthcare
08-10-2025,ITI,Largecap,Aerospace & Defence
08-10-2025,YATHARTH,Midcap,Healthcare
08-10-2025,BLUESTONE,Midcap,Consumer Discretionary
09-10-2025,DYNAMATECH,Midcap,Industrials
09-10-2025,GMBREW,Smallcap,FMCG
09-10-2025,THEMISMED,Smallcap,Healthcare
09-10-2025,CUPID,Midcap,FMCG
09-10-2025,JINDALPHOT,Smallcap,Financials
09-10-2025,BLUESTONE,Midcap,Consumer Discretionary
09-10-2025,JPOLYINVST,Smallcap,Financials
10-10-2025,TATACOMM,Largecap,Telecom-Service
10-10-2025,SANGAMIND,Smallcap,Textiles
10-10-2025,SOUTHBANK,Midcap,Bank
10-10-2025,JINDALPHOT,Smallcap,Financials
10-10-2025,SANDHAR,Smallcap,Auto
13-10-2025,GMBREW,Smallcap,FMCG
13-10-2025,WAAREERTL,Midcap,Power & Utilities
13-10-2025,MANAKCOAT,Smallcap,Metals & Mining
14-10-2025,FOSECOIND,Smallcap,Chemicals
14-10-2025,LANDMARK,Smallcap,Consumer Discretionary
14-10-2025,KERNEX,Smallcap,Consumer Discretionary
14-10-2025,NAVKARCORP,Smallcap,Transportation
14-10-2025,MTARTECH,Midcap,Aerospace & Defence
14-10-2025,ANANDRATHI,Largecap,Financials
15-10-2025,GMBREW,Smallcap,FMCG
15-10-2025,ADOR,Smallcap,Industrials
15-10-2025,MAHABANK,Largecap,Bank
15-10-2025,TATVA,Smallcap,Chemicals
16-10-2025,IFBAGRO,Smallcap,FMCG
16-10-2025,HUHTAMAKI,Smallcap,Industrials
16-10-2025,SUMMITSEC,Smallcap,Financials
16-10-2025,WAAREERTL,Midcap,Power & Utilities
16-10-2025,CRAFTSMAN,Midcap,Auto
17-10-2025,BBTC,Midcap,Auto
17-10-2025,KICL,Smallcap,Financials
17-10-2025,ACUTAAS,Midcap,Healthcare
20-10-2025,INDORAMA,Smallcap,Textiles
20-10-2025,PRSMJOHNSN,Midcap,Building Materials
20-10-2025,FEDERALBNK,Largecap,Bank
20-10-2025,CEATLTD,Midcap,Auto
20-10-2025,JKTYRE,Midcap,Auto
20-10-2025,INDOFARM,Smallcap,Auto
20-10-2025,SOUTHBANK,Midcap,Bank
20-10-2025,DCBBANK,Midcap,Bank
20-10-2025,ECLERX,Largecap,I.T
20-10-2025,AUBANK,Largecap,Bank
21-10-2025,VSSL,Smallcap,Metals & Mining
23-10-2025,ARIHANTCAP,Smallcap,Financials
23-10-2025,SCI,Midcap,Transportation
23-10-2025,KICL,Smallcap,Financials
24-10-2025,SCI,Midcap,Transportation
24-10-2025,CREDITACC,Largecap,Financials
27-10-2025,IFBAGRO,Smallcap,FMCG
27-10-2025,ARIHANTCAP,Smallcap,Financials
27-10-2025,RRKABEL,Midcap,Industrials
27-10-2025,ALICON,Smallcap,Industrials
27-10-2025,HATSUN,Largecap,FMCG
27-10-2025,ECLERX,Largecap,I.T
27-10-2025,SATIN,Smallcap,Financials
27-10-2025,PSPPROJECT,Smallcap,Realty
28-10-2025,CHENNPETRO,Midcap,Energy
28-10-2025,IDBI,Largecap,Bank
28-10-2025,TTKPRESTIG,Midcap,Consumer Discretionary
28-10-2025,PRECWIRE,Smallcap,Metals & Mining
28-10-2025,KIRLOSENG,Midcap,Industrials
28-10-2025,BHARATWIRE,Smallcap,Metals & Mining
28-10-2025,CARTRADE,Midcap,Consumer Discretionary
29-10-2025,SAIL,Largecap,Metals & Mining
29-10-2025,HEG,Midcap,Industrials
29-10-2025,FISCHER,Smallcap,Services
29-10-2025,CELLO,Midcap,Services
29-10-2025,VAIBHAVGBL,Smallcap,Consumer Discretionary
29-10-2025,M&MFIN,Largecap,Financials
29-10-2025,INFOBEAN,Smallcap,I.T
29-10-2025,ADANIGREEN,Largecap,Power & Utilities
30-10-2025,BHEL,Largecap,Industrials
30-10-2025,GRINDWELL,Midcap,Industrials
30-10-2025,ASALCBR,Smallcap,FMCG
30-10-2025,SAGILITY,Largecap,I.T
30-10-2025,VAIBHAVGBL,Smallcap,Consumer Discretionary
30-10-2025,ABCAPITAL,Largecap,Financials
30-10-2025,SALASAR,Smallcap,Metals & Mining
31-10-2025,CHENNPETRO,Midcap,Energy
31-10-2025,IDBI,Largecap,Bank
31-10-2025,TNPETRO,Smallcap,Energy
31-10-2025,NAVINFLUOR,Largecap,Chemicals
31-10-2025,TDPOWERSYS,Midcap,Industrials
31-10-2025,INTELLECT,Midcap,I.T
31-10-2025,RPEL,Smallcap,Building Materials
31-10-2025,MUFIN,Smallcap,Financials
03-11-2025,LGBBROSLTD,Midcap,Auto
03-11-2025,IFBAGRO,Smallcap,FMCG
03-11-2025,JTEKTINDIA,Smallcap,Auto
03-11-2025,HLEGLAS,Smallcap,Industrials
03-11-2025,DREDGECORP,Smallcap,Miscellaneous
03-11-2025,STAR,Midcap,Healthcare
03-11-2025,THANGAMAYL,Midcap,Consumer Discretionary
03-11-2025,TDPOWERSYS,Midcap,Industrials
03-11-2025,INTELLECT,Midcap,I.T
03-11-2025,RPEL,Smallcap,Building Materials
03-11-2025,KMEW,Smallcap,Transportation
03-11-2025,LATENTVIEW,Midcap,I.T
04-11-2025,BANCOINDIA,Midcap,Auto
04-11-2025,LGBBROSLTD,Midcap,Auto
04-11-2025,SIYSIL,Smallcap,Textiles
04-11-2025,3MINDIA,Largecap,Miscellaneous
04-11-2025,TBOTEK,Midcap,I.T
04-11-2025,CUB,Midcap,Bank
04-11-2025,THANGAMAYL,Midcap,Consumer Discretionary
04-11-2025,SJS,Midcap,Auto
06-11-2025,CCL,Midcap,FMCG
06-11-2025,PRIVISCL,Midcap,Chemicals
06-11-2025,ASTRAL,Largecap,Plastic products
06-11-2025,GPPL,Midcap,Transportation
06-11-2025,SHARDAMOTR,Midcap,Auto
06-11-2025,ANDHRSUGAR,Smallcap,Chemicals
07-11-2025,ARVIND,Midcap,Textiles
07-11-2025,SWANCORP,Midcap,Textiles
07-11-2025,CCL,Midcap,FMCG
07-11-2025,INTERARCH,Smallcap,Metals & Mining
07-11-2025,ROSSTECH,Smallcap,Aerospace & Defence
07-11-2025,CPPLUS,Midcap,Consumer Discretionary
07-11-2025,MBEL,Smallcap,Industrials
07-11-2025,LTF,Largecap,Financials
07-11-2025,PRICOLLTD,Midcap,Auto
10-11-2025,TORNTPHARM,Largecap,Healthcare
10-11-2025,JBCHEPHARM,Largecap,Healthcare
10-11-2025,HBLENGINE,Largecap,Auto
10-11-2025,AARTIDRUGS,Smallcap,Healthcare
10-11-2025,NATIONALUM,Largecap,Metals & Mining
10-11-2025,AIAENG,Largecap,Industrials
10-11-2025,LUMAXTECH,Midcap,Auto
10-11-2025,IMFA,Midcap,Metals & Mining
10-11-2025,TEMBO,Smallcap,Consumer Discretionary
10-11-2025,NYKAA,Largecap,I.T
11-11-2025,ZUARIIND,Smallcap,FMCG
11-11-2025,CRAFTSMAN,Midcap,Auto
12-11-2025,MFSL,Largecap,Miscellaneous
12-11-2025,SYRMA,Midcap,Consumer Discretionary
12-11-2025,ICIL,Midcap,Textiles
12-11-2025,YATRA,Smallcap,I.T
12-11-2025,IRMENERGY,Smallcap,Energy
12-11-2025,PGIL,Midcap,Consumer Discretionary
12-11-2025,GLOBUSSPR,Smallcap,FMCG
12-11-2025,KIRLOSENG,Midcap,Industrials
12-11-2025,IVALUE,Smallcap,I.T
12-11-2025,MONTECARLO,Smallcap,Textiles
12-11-2025,PARAGMILK,Smallcap,FMCG
12-11-2025,ARTEMISMED,Smallcap,Healthcare
13-11-2025,UNIVCABLES,Smallcap,Industrials
13-11-2025,PRECWIRE,Smallcap,Metals & Mining
13-11-2025,TVSELECT,Smallcap,I.T
13-11-2025,BELRISE,Midcap,Auto
13-11-2025,GOKULAGRO,Smallcap,FMCG
13-11-2025,INFIBEAM,Midcap,I.T
13-11-2025,DATAPATTNS,Midcap,Aerospace & Defence
14-11-2025,UNIVCABLES,Smallcap,Industrials
14-11-2025,AETHER,Midcap,Chemicals
14-11-2025,ASHAPURMIN,Midcap,Metals & Mining
14-11-2025,SRM,Smallcap,Realty
14-11-2025,ARMANFIN,Smallcap,Financials
14-11-2025,SAGILITY,Largecap,I.T
14-11-2025,MUTHOOTFIN,Largecap,Financials
14-11-2025,WEL,Smallcap,Consumer Discretionary
14-11-2025,PARAS,Midcap,Aerospace & Defence