date,symbol,marketcapname,sector,price,today,quantity,bought value,current value,pl,,,Actual Sell,pl,,
04/11/25,3MINDIA,Largecap,Miscellaneous,35885.00,35910.00,0,0.00,0.00,0.00,,no,,,,Buy only when 21 is crossing 50 or very near to it
15/07/25,AARTIDRUGS,Smallcap,Healthcare,531.05,463.45,19,10089.95,8805.55,-1284.40,,no,31.64,-9488.79,,Don’t sell until 6.5 % below 50 EMA
10/11/25,AARTIDRUGS,Smallcap,Healthcare,520.50,463.45,19,9889.50,8805.55,-1083.95,,no,4568.1,76904.40,,"Results to be posituve in all Sales, Profit and EPS"
30/06/25,AAVAS,Midcap,Financials,2093.10,1712.20,5,10465.50,8561.00,-1904.50,,no,,,,Don’t Buy if its already 5% above 50 EMA
06/06/25,ABREL,Midcap,Realty,2320.92,1744.60,4,9283.67,6978.40,-2305.27,,no,367.25,-7814.67,,
13/08/25,ACI,Midcap,Chemicals,693.05,627.55,14,9702.70,8785.70,-917.00,,no,,,,
03/04/25,MANGCHEFER,Smallcap,Chemicals,,,,,,,,,,,,
10/07/25,ACMESOLAR,Midcap,Realty,293.90,250.60,34,9992.60,8520.40,-1472.20,,no,,,,
22/09/25,ADANIGREEN,Largecap,Power & Utilities,1164.00,1068.80,9,10476.00,9619.20,-856.80,,no,,,,
29/10/25,ADANIGREEN,Largecap,Power & Utilities,1112.60,1068.80,9,10013.40,9619.20,-394.20,,,,,,
15/10/25,ADOR,Smallcap,Industrials,1194.00,1074.40,8,9552.00,8595.20,-956.80,,no,,,,
03/10/25,AEGISLOG,Largecap,Services,869.00,791.95,12,10428.00,9503.40,-924.60,,,,,,
19/06/25,AEROENTER,Smallcap,Metals & Mining,95.29,87.77,105,10005.32,9215.85,-789.47,,,,,,
09/09/25,AFFLE,Largecap,I.T,2090.00,1723.90,5,10450.00,8619.50,-1830.50,,,,,,
11/06/25,AFSL,Smallcap,Financials,254.64,215.39,39,9930.96,8400.21,-1530.75,,,,,,
22/07/25,AGI,Midcap,Industrials,965.70,786.85,10,9656.98,7868.50,-1788.48,,,,,,
15/07/25,AHLUCONT,Midcap,Realty,1112.32,882.90,9,10010.92,7946.10,-2064.82,,,,,,
25/06/25,AKUMS,Midcap,Healthcare,575.70,424.30,17,9786.90,7213.10,-2573.80,,,,,,
30/06/25,ALEMBICLTD,Smallcap,Realty,122.08,101.34,82,10010.79,8309.88,-1700.91,,,,,,
27/10/25,ALICON,Smallcap,Industrials,964.95,879.60,10,9649.50,8796.00,-853.50,,,,,,
09/07/25,ALICON,Smallcap,Industrials,946.73,879.60,11,10414.04,9675.60,-738.44,,,,,,
25/06/25,ALKYLAMINE,Midcap,Chemicals,2342.00,1775.60,4,9368.00,7102.40,-2265.60,,,,,,
20/06/25,ALKYLAMINE,Midcap,Chemicals,2048.37,1775.60,5,10241.85,8878.00,-1363.85,,,,,,
16/07/25,ALLCARGO,Smallcap,Transportation,38.15,13.09,262,9995.30,3429.58,-6565.72,,,,,,
15/07/25,ALLCARGO,Smallcap,Transportation,35.56,13.09,281,9992.36,3678.29,-6314.07,,,,,,
08/07/25,ALOKINDS,Midcap,Textiles,22.00,17.31,455,10010.00,7876.05,-2133.95,,,,,,
17/07/25,ALOKINDS,Midcap,Textiles,21.00,17.31,476,9996.00,8239.56,-1756.44,,,,,,
10/06/25,ALOKINDS,Midcap,Textiles,20.86,17.31,479,9991.94,8291.49,-1700.45,,,,,,
14/10/25,ANANDRATHI,Largecap,Financials,3162.87,3022.30,3,9488.62,9066.90,-421.72,,,,,,
19/09/25,ANANTRAJ,Largecap,Realty,644.40,616.10,16,10310.40,9857.60,-452.80,,,,,,
03/10/25,ANDHRAPAP,Smallcap,Building Materials,86.40,70.31,116,10022.40,8155.96,-1866.44,,,,,,
06/11/25,ANDHRSUGAR,Smallcap,Chemicals,82.40,80.87,121,9970.40,9785.27,-185.13,,,,,,
29/07/25,APARINDS,Largecap,Industrials,9710.00,9071.00,1,9710.00,9071.00,-639.00,,,,,,
30/06/25,APLLTD,Midcap,Healthcare,1013.53,904.05,10,10135.32,9040.50,-1094.82,,,,,,
19/05/25,APLLTD,Midcap,Healthcare,1008.74,904.05,10,10087.35,9040.50,-1046.85,,,,,,
13/08/25,APOLLOHOSP,Largecap,Healthcare,7819.99,7420.50,1,7819.99,7420.50,-399.49,,,,,,
23/05/25,APOLLOPIPE,Smallcap,Plastic products,476.18,301.85,21,9999.70,6338.85,-3660.85,,,,,,
23/10/25,ARIHANTCAP,Smallcap,Financials,114.57,100.33,87,9967.59,8728.71,-1238.88,,,,,,
27/10/25,ARIHANTCAP,Smallcap,Financials,107.37,100.33,93,9985.41,9330.69,-654.72,,,,,,
22/07/25,ARIHANTCAP,Smallcap,Financials,104.01,100.33,96,9985.07,9631.68,-353.39,,,,,,
22/09/25,ARISINFRA,Smallcap,Services,171.00,154.04,58,9918.00,8934.32,-983.68,,,,,,
12/11/25,ARTEMISMED,Smallcap,Healthcare,270.15,268.89,37,9995.55,9948.93,-46.62,,,,,,
29/07/25,ARVINDFASN,Midcap,Services,541.23,500.55,18,9742.11,9009.90,-732.21,,,,,,
30/10/25,ASALCBR,Smallcap,FMCG,1205.80,981.40,8,9646.40,7851.20,-1795.20,,,,,,
24/09/25,ASKAUTOLTD,Midcap,Auto,567.30,468.15,18,10211.40,8426.70,-1784.70,,,,,,
26/06/25,ASTEC,Smallcap,Chemicals,970.00,631.85,10,9700.00,6318.50,-3381.50,,,,,,
24/06/25,ASTEC,Smallcap,Chemicals,829.75,631.85,12,9957.00,7582.20,-2374.80,,,,,,
06/11/25,ASTRAL,Largecap,Plastic products,1558.61,1514.00,6,9351.65,9084.00,-267.65,,,,,,
03/10/25,ASTRAMICRO,Midcap,Aerospace & Defence,1119.85,999.30,9,10078.65,8993.70,-1084.95,,,,,,
07/05/25,PEL,Largecap,Financials,,,,,,,,,,,,
02/06/25,ASTRAZEN,Largecap,Healthcare,9281.28,9153.00,1,9281.28,9153.00,-128.28,,,,,,
22/09/25,ATGL,Largecap,Energy,790.00,625.15,13,10270.00,8126.95,-2143.05,,,,,,
27/06/25,ATGL,Largecap,Energy,684.00,625.15,15,10260.00,9377.25,-882.75,,,,,,
05/09/25,ATULAUTO,Smallcap,Auto,538.75,466.25,19,10236.25,8858.75,-1377.50,,,,,,
07/07/25,AURIONPRO,Midcap,I.T,1589.07,1091.90,6,9534.41,6551.40,-2983.01,,,,,,
21/07/25,AURUM,Smallcap,I.T,217.00,167.27,46,9982.00,7694.42,-2287.58,,,,,,
10/06/25,AURUM,Smallcap,I.T,213.69,167.27,47,10043.43,7861.69,-2181.74,,,,,,
27/05/25,AURUM,Smallcap,I.T,203.80,167.27,49,9986.20,8196.23,-1789.97,,,,,,
07/10/25,AVALON,Midcap,Consumer Discretionary,1251.90,1046.70,8,10015.20,8373.60,-1641.60,,,,,,
05/09/25,AVANTEL,Smallcap,Aerospace & Defence,179.40,164.07,56,10046.40,9187.92,-858.48,,,,,,
22/07/25,AVTNPL,Smallcap,FMCG,75.37,71.35,133,10024.72,9489.55,-535.17,,,,,,
09/06/25,BAJAJINDEF,Smallcap,Industrials,434.91,363.15,23,10002.94,8352.45,-1650.49,,,,,,
25/06/25,BALAMINES,Smallcap,Chemicals,1678.49,1228.80,6,10070.96,7372.80,-2698.16,,,,,,
02/09/25,BALMLAWRIE,Smallcap,Miscellaneous,224.98,191.87,44,9899.25,8442.28,-1456.97,,,,,,
24/04/25,BANARISUG,Smallcap,FMCG,4161.13,3603.10,2,8322.26,7206.20,-1116.06,,,,,,
04/11/25,BANCOINDIA,Midcap,Auto,820.20,806.05,12,9842.40,9672.60,-169.80,,,,,,
09/06/25,BANDHANBNK,Largecap,Bank,184.42,154.59,54,9958.43,8347.86,-1610.57,,,,,,
20/05/25,BASF,Midcap,Chemicals,5279.02,4413.20,2,10558.04,8826.40,-1731.64,,,,,,
27/05/25,BAYERCROP,Largecap,Chemicals,5557.96,4476.20,2,11115.93,8952.40,-2163.53,,,,,,
17/10/25,BBTC,Midcap,Auto,1990.00,1830.70,5,9950.00,9153.50,-796.50,,,,,,
21/07/25,BCLIND,Smallcap,FMCG,47.70,37.95,210,10016.36,7969.50,-2046.86,,,,,,
13/05/25,BDL,Largecap,Aerospace & Defence,1762.19,1613.80,6,10573.13,9682.80,-890.33,,,,,,
26/05/25,BEML,Midcap,Aerospace & Defence,2146.71,2009.80,5,10733.54,10049.00,-684.54,,,,,,
23/09/25,BFUTILITIE,Smallcap,Power & Utilities,855.00,674.75,12,10260.00,8097.00,-2163.00,,,,,,
10/06/25,BFUTILITIE,Smallcap,Power & Utilities,825.95,674.75,12,9911.40,8097.00,-1814.40,,,,,,
05/06/25,BHARATWIRE,Smallcap,Metals & Mining,222.50,194.70,45,10012.50,8761.50,-1251.00,,,,,,
28/10/25,BHARATWIRE,Smallcap,Metals & Mining,213.79,194.70,47,10048.13,9150.90,-897.23,,,,,,
27/06/25,BHARTIHEXA,Largecap,Telecom-Service,1898.64,1776.90,5,9493.20,8884.50,-608.70,,,,,,
14/05/25,CEMPRO,Midcap,Realty,,,,,,,,,,,,
22/07/25,BIRLACORPN,Midcap,Building Materials,1461.49,1176.60,7,10230.45,8236.20,-1994.25,,,,,,
13/05/25,BIRLACORPN,Midcap,Building Materials,1299.77,1176.60,8,10398.13,9412.80,-985.33,,,,,,
30/07/25,BLISSGVS,Smallcap,Healthcare,183.17,161.75,55,10074.35,8896.25,-1178.10,,,,,,
09/10/25,BLUESTONE,Midcap,Consumer Discretionary,758.00,574.75,13,9854.00,7471.75,-2382.25,,,,,,
08/10/25,BLUESTONE,Midcap,Consumer Discretionary,702.80,574.75,14,9839.20,8046.50,-1792.70,,,,,,
23/07/25,BOMDYEING,Smallcap,Textiles,186.86,155.22,54,10090.58,8381.88,-1708.70,,,,,,
23/09/25,BOROLTD,Smallcap,Building Materials,380.00,334.25,26,9880.00,8690.50,-1189.50,,,,,,
23/06/25,BOROSCI,Smallcap,Building Materials,165.40,124.03,60,9924.00,7441.80,-2482.20,,,,,,
24/06/25,BUTTERFLY,Smallcap,Consumer Discretionary,753.50,715.55,13,9795.50,9302.15,-493.35,,,,,,
27/05/25,CAMLINFINE,Smallcap,Chemicals,241.81,165.67,41,9914.21,6792.47,-3121.74,,,,,,
26/05/25,CAMLINFINE,Smallcap,Chemicals,216.42,165.67,46,9955.32,7620.82,-2334.50,,,,,,
10/07/25,CAMPUS,Midcap,Consumer Discretionary,285.44,272.70,35,9990.23,9544.50,-445.73,,,,,,
29/05/25,CASTROLIND,Midcap,Chemicals,215.60,192.50,46,9917.54,8855.00,-1062.54,,,,,,
20/10/25,CEATLTD,Midcap,Auto,4179.10,3986.40,2,8358.20,7972.80,-385.40,,,,,,
29/10/25,CELLO,Midcap,Services,666.75,625.40,15,10001.25,9381.00,-620.25,,,,,,
09/06/25,CERA,Midcap,Building Materials,7082.40,5617.00,1,7082.40,5617.00,-1465.40,,,,,,
16/07/25,CERA,Midcap,Building Materials,6950.00,5617.00,1,6950.00,5617.00,-1333.00,,,,,,
16/06/25,CIFL,Smallcap,Financials,42.87,34.18,233,9989.85,7963.94,-2025.91,,,,,,
23/05/25,CLEAN,Midcap,Chemicals,1406.19,921.00,7,9843.35,6447.00,-3396.35,,,,,,
16/05/25,CLSEL,Smallcap,FMCG,354.80,273.05,28,9934.48,7645.40,-2289.08,,,,,,
16/05/25,COCHINSHIP,Largecap,Aerospace & Defence,2087.15,1725.30,5,10435.76,8626.50,-1809.26,,,,,,
14/07/25,CONTROLPR,Smallcap,I.T,901.00,742.40,11,9911.00,8166.40,-1744.60,,,,,,
22/09/25,CONTROLPR,Smallcap,I.T,808.00,742.40,12,9696.00,8908.80,-787.20,,,,,,
23/05/25,COSMOFIRST,Smallcap,Industrials,936.51,790.35,11,10301.61,8693.85,-1607.77,,,,,,
22/05/25,COSMOFIRST,Smallcap,Industrials,920.57,790.35,11,10126.27,8693.85,-1432.42,,,,,,
11/11/25,CRAFTSMAN,Midcap,Auto,7175.50,6746.00,1,7175.50,6746.00,-429.50,,,,,,
30/07/25,CRAFTSMAN,Midcap,Auto,6825.00,6746.00,1,6825.00,6746.00,-79.00,,,,,,
16/10/25,CRAFTSMAN,Midcap,Auto,6750.50,6746.00,1,6750.50,6746.00,-4.50,,,,,,
24/10/25,CREDITACC,Largecap,Financials,1422.50,1366.70,7,9957.50,9566.90,-390.60,,,,,,
11/06/25,CRISIL,Largecap,Financials,5776.40,4639.20,2,11552.79,9278.40,-2274.39,,,,,,
14/05/25,DALMIASUG,Smallcap,FMCG,444.88,316.80,22,9787.47,6969.60,-2817.87,,,,,,
09/06/25,DBL,Midcap,Realty,538.84,465.95,19,10237.95,8853.05,-1384.90,,,,,,
03/07/25,DCMSHRIRAM,Midcap,Miscellaneous,1421.47,1236.40,7,9950.26,8654.80,-1295.46,,,,,,
10/09/25,DDEVPLSTIK,Smallcap,Chemicals,341.08,274.50,29,9891.44,7960.50,-1930.94,,,,,,
14/07/25,DDEVPLSTIK,Smallcap,Chemicals,297.30,274.50,34,10108.35,9333.00,-775.35,,,,,,
16/07/25,DECCANCE,Smallcap,Building Materials,1022.83,1001.40,10,10228.31,10014.00,-214.31,,,,,,
29/05/25,DEEDEV,Smallcap,Metals & Mining,307.37,228.75,33,10143.21,7548.75,-2594.46,,,,,,
29/05/25,DEEPAKNTR,Largecap,Chemicals,2091.35,1741.00,5,10456.73,8705.00,-1751.73,,,,,,
04/08/25,DEEPINDS,Smallcap,Energy,520.98,476.30,19,9898.62,9049.70,-848.92,,,,,,
04/08/25,DELHIVERY,Largecap,Transportation,460.45,436.40,22,10129.90,9600.80,-529.10,,,,,,
25/06/25,DEN,Smallcap,Media,38.30,31.79,261,9996.30,8297.19,-1699.11,,,,,,
30/05/25,DEN,Smallcap,Media,37.67,31.79,265,9982.55,8424.35,-1558.20,,,,,,
18/09/25,DENTA,Smallcap,Realty,463.00,401.40,22,10186.00,8830.80,-1355.20,,,,,,
20/08/25,DENTA,Smallcap,Realty,417.85,401.40,24,10028.40,9633.60,-394.80,,,,,,
30/06/25,DHANUKA,Midcap,Chemicals,1767.41,1266.90,6,10604.47,7601.40,-3003.07,,,,,,
16/05/25,DHANUKA,Midcap,Chemicals,1618.18,1266.90,6,9709.07,7601.40,-2107.67,,,,,,
15/04/25,DIAMONDYD,Smallcap,FMCG,1254.27,1064.30,8,10034.15,8514.40,-1519.75,,,,,,
04/09/25,DIFFNKG,Smallcap,Industrials,380.50,368.10,26,9893.00,9570.60,-322.40,,,,,,
08/08/25,DIVGIITTS,Smallcap,Auto,652.12,642.95,15,9781.76,9644.25,-137.51,,,,,,
09/06/25,DLINKINDIA,Smallcap,Services,525.38,456.20,19,9982.30,8667.80,-1314.50,,,,,,
17/06/25,DODLA,Midcap,FMCG,1395.01,1205.00,7,9765.10,8435.00,-1330.10,,,,,,
30/05/25,DOLATALGO,Smallcap,Financials,100.00,77.45,100,10000.00,7745.00,-2255.00,,,,,,
04/09/25,DOMS,Midcap,Miscellaneous,2736.18,2621.70,4,10944.71,10486.80,-457.91,,,,,,
03/11/25,DREDGECORP,Smallcap,Miscellaneous,932.90,788.35,11,10261.90,8671.85,-1590.05,,,,,,
11/08/25,DVL,Smallcap,Services,370.55,309.25,27,10004.85,8349.75,-1655.10,,,,,,
27/10/25,ECLERX,Largecap,I.T,4699.10,4400.60,2,9398.20,8801.20,-597.00,,,,,,
21/05/25,ECOSMOBLTY,Smallcap,Miscellaneous,270.77,237.96,37,10018.36,8804.52,-1213.84,,,,,,
25/06/25,EIDPARRY,Midcap,FMCG,1055.00,1025.40,9,9495.00,9228.60,-266.40,,,,,,
11/07/25,EIEL,Smallcap,Realty,280.00,225.75,36,10080.00,8127.00,-1953.00,,,,,,
24/06/25,EIEL,Smallcap,Realty,236.00,225.75,42,9912.00,9481.50,-430.50,,,,,,
13/08/25,EIHOTEL,Largecap,Services,408.25,377.10,24,9798.00,9050.40,-747.60,,,,,,
14/08/25,EKC,Smallcap,Industrials,150.90,141.70,66,9959.40,9352.20,-607.20,,,,,,
23/07/25,ELGIEQUIP,Midcap,Industrials,592.45,501.50,17,10071.65,8525.50,-1546.15,,,,,,
30/05/25,ELGIEQUIP,Midcap,Industrials,537.85,501.50,19,10219.23,9528.50,-690.73,,,,,,
26/05/25,EMCURE,Largecap,Healthcare,1386.13,1371.80,7,9702.94,9602.60,-100.34,,,,,,
18/06/25,EMIL,Midcap,Consumer Discretionary,152.50,132.69,66,10065.00,8757.54,-1307.46,,,,,,
18/08/25,ENDURANCE,Largecap,Auto,2795.50,2686.20,4,11182.00,10744.80,-437.20,,,,,,
30/05/25,ENGINERSIN,Midcap,Realty,227.96,200.25,44,10030.26,8811.00,-1219.26,,,,,,
31/07/25,EPACK,Smallcap,Consumer Discretionary,394.80,279.35,25,9870.00,6983.75,-2886.25,,,,,,
30/07/25,EPIGRAL,Midcap,Chemicals,2085.00,1507.70,5,10425.00,7538.50,-2886.50,,,,,,
18/08/25,ESCORTS,Largecap,Auto,3623.80,3551.10,3,10871.40,10653.30,-218.10,,,,,,
16/05/25,EUREKAFORB,Midcap,Consumer Discretionary,595.00,587.45,17,10115.00,9986.65,-128.35,,,,,,
09/07/25,EVEREADY,Smallcap,Industrials,349.74,330.85,29,10142.40,9594.65,-547.75,,,,,,
11/06/25,EXICOM,Smallcap,Industrials,208.50,132.53,48,10008.00,6361.44,-3646.56,,,,,,
12/06/25,EXPLEOSOL,Smallcap,I.T,1225.00,1074.30,8,9800.00,8594.40,-1205.60,,,,,,
03/06/25,FACT,Largecap,Chemicals,1031.34,914.55,10,10313.43,9145.50,-1167.93,,,,,,
15/07/25,FACT,Largecap,Chemicals,969.62,914.55,10,9696.17,9145.50,-550.67,,,,,,
01/07/25,FILATEX,Smallcap,Textiles,61.21,56.06,163,9977.36,9137.78,-839.58,,,,,,
29/05/25,FILATEX,Smallcap,Textiles,56.55,56.06,177,10009.58,9922.62,-86.96,,,,,,
26/05/25,FINPIPE,Midcap,Plastic products,220.35,188.04,45,9915.79,8461.80,-1453.99,,,,,,
23/05/25,FINPIPE,Midcap,Plastic products,204.57,188.04,49,10023.73,9213.96,-809.77,,,,,,
05/09/25,FIRSTCRY,Midcap,Consumer Discretionary,402.00,335.55,25,10050.00,8388.75,-1661.25,,,,,,
29/10/25,FISCHER,Smallcap,Services,117.00,58.75,85,9945.00,4993.75,-4951.25,,,,,,
24/07/25,FORCEMOT,Largecap,Auto,19257.48,17650.00,1,19257.48,17650.00,-1607.48,,,,,,
06/10/25,FORTIS,Largecap,Healthcare,1053.90,937.70,9,9485.10,8439.30,-1045.80,,,,,,
22/08/25,FOSECOIND,Smallcap,Chemicals,6428.50,5435.00,2,12857.00,10870.00,-1987.00,,,,,,
14/10/25,FOSECOIND,Smallcap,Chemicals,5847.00,5435.00,2,11694.00,10870.00,-824.00,,,,,,
20/08/25,FOSECOIND,Smallcap,Chemicals,5750.50,5435.00,2,11501.00,10870.00,-631.00,,,,,,
30/07/25,GALLANTT,Midcap,Metals & Mining,756.72,596.85,13,9837.32,7759.05,-2078.27,,,,,,
08/09/25,GALLANTT,Midcap,Metals & Mining,702.71,596.85,14,9837.97,8355.90,-1482.07,,,,,,
24/06/25,GARFIBRES,Midcap,Textiles,905.54,730.95,11,9960.93,8040.45,-1920.48,,,,,,
27/03/25,GARFIBRES,Midcap,Textiles,889.39,730.95,11,9783.33,8040.45,-1742.88,,,,,,
29/07/25,GATEWAY,Smallcap,Transportation,68.67,60.58,146,10025.32,8844.68,-1180.64,,,,,,
26/05/25,GILLETTE,Largecap,FMCG,9382.12,8539.00,1,9382.12,8539.00,-843.12,,,,,,
23/05/25,GIPCL,Smallcap,Power & Utilities,206.38,169.93,48,9906.14,8156.64,-1749.50,,,,,,
11/07/25,GLENMARK,Largecap,Healthcare,2164.79,1895.60,5,10823.95,9478.00,-1345.95,,,,,,
15/09/25,GMRP&UI,Midcap,Realty,136.00,120.41,74,10064.00,8910.34,-1153.66,,,,,,
10/06/25,GOCLCORP,Smallcap,Chemicals,388.40,326.45,26,10098.40,8487.70,-1610.70,,,,,,
09/06/25,GOCLCORP,Smallcap,Chemicals,384.99,326.45,26,10009.70,8487.70,-1522.00,,,,,,
27/05/25,GODAVARIB,Smallcap,FMCG,262.24,261.55,38,9965.12,9938.90,-26.22,,,,,,
27/06/25,GODFRYPHLP,Largecap,FMCG,3049.52,2957.30,3,9148.57,8871.90,-276.67,,,,,,
06/06/25,GODREJIND,Largecap,Chemicals,1351.60,1063.70,7,9461.20,7445.90,-2015.30,,,,,,
13/11/25,GOKULAGRO,Smallcap,FMCG,202.25,196.49,49,9910.25,9628.01,-282.24,,,,,,
15/09/25,GOKULAGRO,Smallcap,FMCG,199.68,196.49,50,9983.75,9824.50,-159.25,,,,,,
11/07/25,GPTHEALTH,Smallcap,Healthcare,172.74,142.96,58,10018.63,8291.68,-1726.95,,,,,,
02/09/25,GREAVESCOT,Smallcap,Industrials,227.90,210.73,44,10027.60,9272.12,-755.48,,,,,,
31/07/25,GREAVESCOT,Smallcap,Industrials,227.44,210.73,44,10007.36,9272.12,-735.24,,,,,,
11/09/25,GREENPANEL,Smallcap,Building Materials,326.90,272.00,31,10133.90,8432.00,-1701.90,,,,,,
23/07/25,GREENPANEL,Smallcap,Building Materials,317.00,272.00,32,10144.00,8704.00,-1440.00,,,,,,
01/10/25,GREENPANEL,Smallcap,Building Materials,293.50,272.00,34,9979.00,9248.00,-731.00,,,,,,
16/07/25,GREENPLY,Smallcap,Building Materials,323.39,297.70,31,10025.04,9228.70,-796.34,,,,,,
30/10/25,GRINDWELL,Midcap,Industrials,1696.00,1586.10,6,10176.00,9516.60,-659.40,,,,,,
09/06/25,GRINFRA,Midcap,Realty,1420.70,1098.30,7,9944.90,7688.10,-2256.80,,,,,,
19/05/25,GRINFRA,Midcap,Realty,1327.00,1098.30,8,10616.00,8786.40,-1829.60,,,,,,
22/05/25,GRPLTD,Smallcap,FMCG,3127.05,1967.70,3,9381.16,5903.10,-3478.06,,,,,,
08/08/25,GSFC,Midcap,Chemicals,208.80,192.45,48,10022.39,9237.60,-784.79,,,,,,
12/06/25,GTLINFRA,Smallcap,Telecom,1.98,1.40,5051,10000.98,7071.40,-2929.58,,,,,,
11/06/25,GTLINFRA,Smallcap,Telecom,1.90,1.40,5263,9999.70,7368.20,-2631.50,,,,,,
19/06/25,GTPL,Smallcap,Media,120.90,104.57,83,10034.81,8679.31,-1355.50,,,,,,
10/06/25,GTPL,Smallcap,Media,115.89,104.57,86,9966.40,8993.02,-973.38,,,,,,
30/07/25,GUFICBIO,Smallcap,Healthcare,402.49,318.20,25,10062.28,7955.00,-2107.28,,,,,,
19/08/25,GVPIL,Smallcap,Realty,385.40,354.95,26,10020.40,9228.70,-791.70,,,,,,
15/09/25,HARIOMPIPE,Smallcap,Metals & Mining,534.25,369.60,19,10150.74,7022.40,-3128.34,,,,,,
11/08/25,HARIOMPIPE,Smallcap,Metals & Mining,498.44,369.60,20,9968.79,7392.00,-2576.79,,,,,,
08/07/25,HARIOMPIPE,Smallcap,Metals & Mining,455.49,369.60,22,10020.73,8131.20,-1889.53,,,,,,
05/06/25,HARIOMPIPE,Smallcap,Metals & Mining,433.51,369.60,23,9970.79,8500.80,-1469.99,,,,,,
16/07/25,HATHWAY,Smallcap,Telecom-Service,16.91,13.23,591,9993.81,7818.93,-2174.88,,,,,,
25/06/25,HATHWAY,Smallcap,Telecom-Service,16.14,13.23,620,10006.80,8202.60,-1804.20,,,,,,
10/11/25,HBLENGINE,Largecap,Auto,1094.00,1041.30,9,9846.00,9371.70,-474.30,,,,,,
29/10/25,HEG,Midcap,Industrials,578.00,515.90,17,9826.00,8770.30,-1055.70,,,,,,
31/07/25,HEG,Midcap,Industrials,573.96,515.90,17,9757.24,8770.30,-986.94,,,,,,
01/10/25,HEMIPROP,Smallcap,Realty,184.25,144.46,54,9949.50,7800.84,-2148.66,,,,,,
03/09/25,HEMIPROP,Smallcap,Realty,167.94,144.46,60,10076.40,8667.60,-1408.80,,,,,,
02/07/25,HERANBA,Smallcap,Chemicals,372.26,273.75,27,10050.97,7391.25,-2659.72,,,,,,
12/08/25,HERANBA,Smallcap,Chemicals,348.93,273.75,29,10118.96,7938.75,-2180.21,,,,,,
30/06/25,HERANBA,Smallcap,Chemicals,344.74,273.75,29,9997.54,7938.75,-2058.79,,,,,,
18/09/25,HERITGFOOD,Smallcap,FMCG,530.80,481.00,19,10085.20,9139.00,-946.20,,,,,,
18/07/25,HERITGFOOD,Smallcap,FMCG,492.22,481.00,20,9844.36,9620.00,-224.36,,,,,,
01/08/25,HESTERBIO,Smallcap,Healthcare,2187.31,1679.90,5,10936.57,8399.50,-2537.07,,,,,,
17/07/25,HGS,Smallcap,I.T,615.00,503.70,16,9840.00,8059.20,-1780.80,,,,,,
30/07/25,HIRECT,Smallcap,Consumer Discretionary,1867.00,1560.50,5,9335.00,7802.50,-1532.50,,,,,,
29/07/25,HIRECT,Smallcap,Consumer Discretionary,1765.10,1560.50,6,10590.60,9363.00,-1227.60,,,,,,
18/09/25,HITECH,Smallcap,Metals & Mining,118.00,106.51,85,10030.00,9053.35,-976.65,,,,,,
03/11/25,HLEGLAS,Smallcap,Industrials,639.80,486.30,16,10236.80,7780.80,-2456.00,,,,,,
20/08/25,HLEGLAS,Smallcap,Industrials,519.89,486.30,19,9877.83,9239.70,-638.13,,,,,,
19/08/25,HLEGLAS,Smallcap,Industrials,518.89,486.30,19,9858.87,9239.70,-619.17,,,,,,
07/07/25,HNDFDS,Midcap,FMCG,581.00,540.55,17,9877.00,9189.35,-687.65,,,,,,
23/05/25,HONASA,Midcap,Services,325.00,292.10,31,10075.00,9055.10,-1019.90,,,,,,
03/07/25,HONAUT,Largecap,Consumer Discretionary,41290.00,35530.00,0,0.00,0.00,0.00,,,,,,
21/05/25,HONDAPOWER,Smallcap,Industrials,2883.40,2526.40,3,8650.20,7579.20,-1071.00,,,,,,
23/05/25,HPL,Smallcap,Industrials,571.82,457.25,17,9720.88,7773.25,-1947.63,,,,,,
20/05/25,HPL,Smallcap,Industrials,478.01,457.25,21,10038.22,9602.25,-435.97,,,,,,
27/06/25,HSCL,Largecap,Chemicals,506.50,454.60,20,10130.00,9092.00,-1038.00,,,,,,
16/10/25,HUHTAMAKI,Smallcap,Industrials,255.91,236.65,39,9980.49,9229.35,-751.14,,,,,,
18/08/25,HYUNDAI,Largecap,Auto,2423.40,2356.10,4,9693.60,9424.40,-269.20,,,,,,
17/04/25,ICEMAKE,Smallcap,Industrials,1032.60,683.05,10,10325.98,6830.50,-3495.48,,,,,,
07/05/25,ICIL,Midcap,Textiles,316.27,309.05,32,10120.53,9889.60,-230.93,,,,,,
12/11/25,ICIL,Midcap,Textiles,315.00,309.05,32,10080.00,9889.60,-190.40,,,,,,
31/10/25,IDBI,Largecap,Bank,104.20,101.04,96,10003.20,9699.84,-303.36,,,,,,
28/10/25,IDBI,Largecap,Bank,102.88,101.04,97,9979.36,9800.88,-178.48,,,,,,
28/05/25,IFCI,Midcap,Financials,71.40,54.72,140,9996.00,7660.80,-2335.20,,,,,,
23/05/25,IFCI,Midcap,Financials,55.70,54.72,180,10026.00,9849.60,-176.40,,,,,,
06/10/25,IFGLEXPOR,Smallcap,Building Materials,301.00,234.02,33,9933.00,7722.66,-2210.34,,,,,,
30/09/25,IFGLEXPOR,Smallcap,Building Materials,288.95,234.02,35,10113.25,8190.70,-1922.55,,,,,,
03/07/25,IFGLEXPOR,Smallcap,Building Materials,281.38,234.02,36,10129.50,8424.72,-1704.78,,,,,,
24/09/25,IFGLEXPOR,Smallcap,Building Materials,267.90,234.02,37,9912.30,8658.74,-1253.56,,,,,,
07/10/25,IGL,Largecap,Energy,222.00,212.66,45,9990.00,9569.70,-420.30,,,,,,
18/07/25,IGPL,Smallcap,Chemicals,501.49,383.35,20,10029.75,7667.00,-2362.75,,,,,,
29/07/25,IIFLCAPS,Midcap,Financials,332.00,309.70,30,9960.00,9291.00,-669.00,,,,,,
11/09/25,IKIO,Smallcap,Consumer Discretionary,229.20,198.09,44,10084.80,8715.96,-1368.84,,,,,,
17/06/25,IKS,Largecap,I.T,1850.00,1604.40,5,9250.00,8022.00,-1228.00,,,,,,
02/06/25,IMAGICAA,Smallcap,Media,73.49,51.26,136,9994.64,6971.36,-3023.28,,,,,,
21/08/25,INDIACEM,Midcap,Building Materials,394.80,392.85,25,9870.00,9821.25,-48.75,,,,,,
25/06/25,INDIAMART,Midcap,I.T,2670.00,2451.40,4,10680.00,9805.60,-874.40,,,,,,
08/08/25,INDIASHLTR,Midcap,Financials,933.00,874.60,11,10263.00,9620.60,-642.40,,,,,,
01/10/25,INDNIPPON,Smallcap,Auto,1008.75,925.75,10,10087.50,9257.50,-830.00,,,,,,
20/10/25,INDOFARM,Smallcap,Auto,253.00,218.36,40,10120.00,8734.40,-1385.60,,,,,,
20/08/25,INDOFARM,Smallcap,Auto,236.00,218.36,42,9912.00,9171.12,-740.88,,,,,,
20/10/25,INDORAMA,Smallcap,Textiles,69.95,55.11,143,10002.85,7880.73,-2122.12,,,,,,
07/10/25,INDRAMEDCO,Midcap,Healthcare,583.40,548.15,17,9917.80,9318.55,-599.25,,,,,,
13/11/25,INFIBEAM,Midcap,I.T,19.50,19.07,513,10003.50,9782.91,-220.59,,,,,,
29/10/25,INFOBEAN,Smallcap,I.T,665.00,612.00,15,9975.00,9180.00,-795.00,,,,,,
12/06/25,INNOVACAP,Smallcap,Healthcare,963.80,751.30,10,9638.00,7513.00,-2125.00,,,,,,
03/11/25,INTELLECT,Midcap,I.T,1181.00,1089.70,8,9448.00,8717.60,-730.40,,,,,,
31/10/25,INTELLECT,Midcap,I.T,1128.90,1089.70,9,10160.10,9807.30,-352.80,,,,,,
09/09/25,IOLCP,Smallcap,Healthcare,117.00,95.67,85,9945.00,8131.95,-1813.05,,,,,,
08/09/25,IOLCP,Smallcap,Healthcare,113.39,95.67,88,9978.32,8418.96,-1559.36,,,,,,
30/07/25,IOLCP,Smallcap,Healthcare,98.69,95.67,101,9967.69,9662.67,-305.02,,,,,,
17/09/25,IPL,Smallcap,Chemicals,237.00,181.65,42,9954.00,7629.30,-2324.70,,,,,,
27/05/25,IPL,Smallcap,Chemicals,192.27,181.65,52,9997.95,9445.80,-552.15,,,,,,
04/06/25,IRCON,Midcap,Realty,220.61,163.27,45,9927.25,7347.15,-2580.10,,,,,,
18/09/25,IRMENERGY,Smallcap,Energy,367.35,316.00,27,9918.45,8532.00,-1386.45,,,,,,
12/11/25,IRMENERGY,Smallcap,Energy,329.80,316.00,30,9894.00,9480.00,-414.00,,,,,,
06/10/25,ITDC,Midcap,Services,654.00,594.35,15,9810.00,8915.25,-894.75,,,,,,
08/10/25,ITI,Largecap,Aerospace & Defence,356.35,316.55,28,9977.80,8863.40,-1114.40,,,,,,
28/05/25,ITI,Largecap,Aerospace & Defence,350.15,316.55,29,10154.35,9179.95,-974.40,,,,,,
12/11/25,IVALUE,Smallcap,I.T,320.00,312.40,31,9920.00,9684.40,-235.60,,,,,,
06/10/25,IXIGO,Midcap,I.T,314.00,277.10,32,10048.00,8867.20,-1180.80,,,,,,
28/07/25,JAGSNPHARM,Smallcap,Healthcare,289.85,210.21,35,10144.62,7357.35,-2787.27,,,,,,
11/07/25,JAGSNPHARM,Smallcap,Healthcare,240.55,210.21,42,10103.04,8828.82,-1274.22,,,,,,
03/09/25,JAICORPLTD,Smallcap,Plastic products,169.47,149.49,59,9998.53,8819.91,-1178.62,,,,,,
08/10/25,JAICORPLTD,Smallcap,Plastic products,161.90,149.49,62,10037.80,9268.38,-769.42,,,,,,
10/11/25,JBCHEPHARM,Largecap,Healthcare,1824.00,1823.00,5,9120.00,9115.00,-5.00,,,,,,
07/07/25,JGCHEM,Smallcap,Chemicals,507.56,413.05,20,10151.20,8261.00,-1890.20,,,,,,
04/07/25,JGCHEM,Smallcap,Chemicals,468.99,413.05,21,9848.77,8674.05,-1174.72,,,,,,
10/10/25,JINDALPHOT,Smallcap,Financials,1495.00,1337.00,7,10465.00,9359.00,-1106.00,,,,,,
09/10/25,JINDALPHOT,Smallcap,Financials,1450.00,1337.00,7,10150.00,9359.00,-791.00,,,,,,
01/07/25,JKLAKSHMI,Midcap,Building Materials,952.15,820.50,11,10473.65,9025.50,-1448.15,,,,,,
03/10/25,JKPAPER,Midcap,Building Materials,423.95,380.50,24,10174.80,9132.00,-1042.80,,,,,,
04/07/25,JKPAPER,Midcap,Building Materials,395.37,380.50,25,9884.28,9512.50,-371.78,,,,,,
13/08/25,JMFINANCIL,Midcap,Financials,184.00,150.67,54,9936.07,8136.18,-1799.89,,,,,,
09/10/25,JPOLYINVST,Smallcap,Financials,1032.40,952.85,10,10324.00,9528.50,-795.50,,,,,,
07/07/25,JPPOWER,Midcap,Power & Utilities,23.20,17.76,431,9999.20,7654.56,-2344.64,,,,,,
09/09/25,JTEKTINDIA,Smallcap,Auto,178.90,160.90,56,10018.40,9010.40,-1008.00,,,,,,
03/11/25,JTEKTINDIA,Smallcap,Auto,166.48,160.90,60,9988.80,9654.00,-334.80,,,,,,
13/06/25,JUBLINGREA,Midcap,Chemicals,777.62,683.00,13,10109.06,8879.00,-1230.06,,,,,,
30/07/25,JUBLPHARMA,Midcap,Healthcare,1220.00,1131.40,8,9760.00,9051.20,-708.80,,,,,,
25/07/25,KELLTONTEC,Smallcap,I.T,31.00,21.02,323,10013.00,6789.46,-3223.54,,,,,,
12/06/25,KELLTONTEC,Smallcap,I.T,26.20,21.02,382,10008.40,8029.64,-1978.76,,,,,,
14/10/25,KERNEX,Smallcap,Consumer Discretionary,1420.00,1267.80,7,9940.00,8874.60,-1065.40,,,,,,
23/10/25,KICL,Smallcap,Financials,6249.20,5214.00,2,12498.40,10428.00,-2070.40,,,,,,
17/10/25,KICL,Smallcap,Financials,5737.00,5214.00,2,11474.00,10428.00,-1046.00,,,,,,
06/10/25,KIOCL,Largecap,Metals & Mining,625.00,382.00,16,10000.00,6112.00,-3888.00,,,,,,
03/10/25,KIOCL,Largecap,Metals & Mining,547.05,382.00,18,9846.90,6876.00,-2970.90,,,,,,
04/08/25,KIOCL,Largecap,Metals & Mining,395.00,382.00,25,9875.00,9550.00,-325.00,,,,,,
27/06/25,KIRLOSBROS,Midcap,Industrials,2292.11,1732.90,4,9168.44,6931.60,-2236.84,,,,,,
25/06/25,KIRLOSBROS,Midcap,Industrials,2173.52,1732.90,5,10867.59,8664.50,-2203.09,,,,,,
07/08/25,KIRLOSBROS,Midcap,Industrials,1888.00,1732.90,5,9440.00,8664.50,-775.50,,,,,,
27/06/25,KIRLOSIND,Smallcap,Financials,4265.65,3733.40,2,8531.30,7466.80,-1064.50,,,,,,
03/11/25,KMEW,Smallcap,Transportation,2730.00,2658.00,4,10920.00,10632.00,-288.00,,,,,,
10/06/25,KOKUYOCMLN,Smallcap,Miscellaneous,127.85,98.95,78,9972.30,7718.10,-2254.20,,,,,,
09/05/25,KPRMILL,Largecap,Consumer Discretionary,1299.29,1078.40,8,10394.32,8627.20,-1767.12,,,,,,
08/05/25,KPRMILL,Largecap,Consumer Discretionary,1147.61,1078.40,9,10328.46,9705.60,-622.86,,,,,,
07/05/25,KPRMILL,Largecap,Consumer Discretionary,1097.71,1078.40,9,9879.40,9705.60,-173.80,,,,,,
07/07/25,KRN,Midcap,Industrials,931.95,826.00,11,10251.45,9086.00,-1165.45,,,,,,
02/06/25,KROSS,Smallcap,Auto,193.75,182.25,52,10075.00,9477.00,-598.00,,,,,,
04/04/25,KSCL,Midcap,FMCG,1304.27,1070.30,8,10434.15,8562.40,-1871.75,,,,,,
17/06/25,KSL,Smallcap,Metals & Mining,902.81,805.95,11,9930.94,8865.45,-1065.49,,,,,,
14/10/25,LANDMARK,Smallcap,Consumer Discretionary,638.00,561.70,16,10208.00,8987.20,-1220.80,,,,,,
21/08/25,LANDMARK,Smallcap,Consumer Discretionary,575.55,561.70,17,9784.33,9548.90,-235.43,,,,,,
10/06/25,LAOPALA,Smallcap,Building Materials,255.80,223.84,39,9976.03,8729.76,-1246.27,,,,,,
28/05/25,LICI,Largecap,Financials,931.15,909.45,11,10242.69,10003.95,-238.74,,,,,,
26/05/25,LINDEINDIA,Largecap,Chemicals,7565.93,5743.00,1,7565.93,5743.00,-1822.93,,,,,,
27/06/25,LLOYDSENGG,Midcap,Industrials,69.26,57.88,144,9972.77,8334.72,-1638.05,,,,,,
07/11/25,LTF,Largecap,Financials,304.00,294.15,33,10032.00,9706.95,-325.05,,,,,,
24/06/25,LTFOODS,Midcap,FMCG,439.84,412.90,23,10116.38,9496.70,-619.68,,,,,,
29/10/25,M&MFIN,Largecap,Financials,318.00,308.65,31,9858.00,9568.15,-289.85,,,,,,
03/06/25,MADRASFERT,Smallcap,Chemicals,97.70,81.33,102,9965.40,8295.66,-1669.74,,,,,,
30/07/25,MADRASFERT,Smallcap,Chemicals,92.50,81.33,108,9990.00,8783.64,-1206.36,,,,,,
15/10/25,MAHABANK,Largecap,Bank,59.70,58.01,168,10029.60,9745.68,-283.92,,,,,,
25/06/25,MAHSEAMLES,Midcap,Industrials,729.05,562.95,14,10206.72,7881.30,-2325.42,,,,,,
01/04/25,MAHSEAMLES,Midcap,Industrials,708.41,562.95,14,9917.70,7881.30,-2036.40,,,,,,
09/06/25,MAITHANALL,Smallcap,Metals & Mining,1223.58,1040.60,8,9788.67,8324.80,-1463.87,,,,,,
10/07/25,MAMATA,Smallcap,Industrials,489.47,420.10,20,9789.43,8402.00,-1387.43,,,,,,
29/05/25,MAMATA,Smallcap,Industrials,451.41,420.10,22,9931.08,9242.20,-688.88,,,,,,
24/07/25,MANAKCOAT,Smallcap,Metals & Mining,168.44,140.30,59,9938.09,8277.70,-1660.39,,,,,,
13/10/25,MANAKCOAT,Smallcap,Metals & Mining,160.00,140.30,62,9920.00,8698.60,-1221.40,,,,,,
18/07/25,MANALIPETC,Smallcap,Energy,77.90,68.15,128,9970.65,8723.20,-1247.45,,,,,,
18/06/25,MANALIPETC,Smallcap,Energy,70.51,68.15,142,10012.04,9677.30,-334.74,,,,,,
28/07/25,MANORAMA,Midcap,FMCG,1686.28,1329.20,6,10117.68,7975.20,-2142.48,,,,,,
12/05/25,MAPMYINDIA,Midcap,I.T,1951.19,1692.40,5,9755.95,8462.00,-1293.95,,,,,,
23/06/25,MARATHON,Smallcap,Realty,635.00,562.85,16,10159.98,9005.60,-1154.38,,,,,,
16/07/25,MASFIN,Midcap,Financials,342.23,309.25,29,9924.77,8968.25,-956.52,,,,,,
21/07/25,MASTEK,Midcap,I.T,2653.45,2235.00,4,10613.81,8940.00,-1673.81,,,,,,
21/07/25,MAXIND,Smallcap,Financials,221.90,207.57,45,9985.50,9340.65,-644.85,,,,,,
25/09/25,MAXIND,Smallcap,Financials,221.90,207.57,45,9985.50,9340.65,-644.85,,,,,,
23/06/25,MBAPL,Smallcap,Chemicals,420.66,407.95,24,10095.93,9790.80,-305.13,,,,,,
07/11/25,MBEL,Smallcap,Industrials,508.50,437.45,20,10170.00,8749.00,-1421.00,,,,,,
16/07/25,MCLOUD,Smallcap,I.T,98.95,62.29,101,9994.14,6291.29,-3702.85,,,,,,
23/05/25,MCLOUD,Smallcap,I.T,80.97,62.29,124,10040.14,7723.96,-2316.18,,,,,,
08/08/25,MEDANTA,Largecap,Healthcare,1419.29,1174.90,7,9935.02,8224.30,-1710.72,,,,,,
12/08/25,MEDIASSIST,Smallcap,Miscellaneous,567.20,451.85,18,10209.60,8133.30,-2076.30,,,,,,
09/07/25,METROPOLIS,Midcap,Healthcare,2010.83,1970.80,5,10054.17,9854.00,-200.17,,,,,,
16/07/25,METROPOLIS,Midcap,Healthcare,1973.01,1970.80,5,9865.06,9854.00,-11.06,,,,,,
12/11/25,MFSL,Largecap,Miscellaneous,1718.80,1673.40,6,10312.80,10040.40,-272.40,,,,,,
08/09/25,MICEL,Smallcap,Consumer Discretionary,78.90,47.79,127,10020.30,6069.33,-3950.97,,,,,,
15/07/25,MIDHANI,Midcap,Aerospace & Defence,432.00,364.70,23,9936.00,8388.10,-1547.90,,,,,,
14/05/25,MIDHANI,Midcap,Aerospace & Defence,396.45,364.70,25,9911.25,9117.50,-793.75,,,,,,
29/05/25,MMTC,Midcap,Services,84.48,65.65,118,9968.64,7746.70,-2221.94,,,,,,
30/05/25,MMTC,Midcap,Services,84.40,65.65,118,9959.20,7746.70,-2212.50,,,,,,
22/09/25,MMTC,Midcap,Services,71.45,65.65,140,10003.00,9191.00,-812.00,,,,,,
28/05/25,MMTC,Midcap,Services,70.70,65.65,141,9968.70,9256.65,-712.05,,,,,,
03/10/25,MOIL,Midcap,Metals & Mining,393.25,356.00,25,9831.14,8900.00,-931.14,,,,,,
30/07/25,MOLDTKPAC,Smallcap,Industrials,839.93,657.75,12,10079.14,7893.00,-2186.14,,,,,,
05/09/25,MOSCHIP,Smallcap,I.T,260.40,228.75,38,9895.20,8692.50,-1202.70,,,,,,
04/09/25,MOSCHIP,Smallcap,I.T,232.01,228.75,43,9976.43,9836.25,-140.18,,,,,,
11/09/25,MSPL,Smallcap,Metals & Mining,36.41,34.72,275,10012.75,9548.00,-464.75,,,,,,
25/06/25,MTNL,Smallcap,Telecom,53.79,41.05,186,10004.94,7635.30,-2369.64,,,,,,
31/10/25,MUFIN,Smallcap,Financials,123.00,108.85,81,9963.00,8816.85,-1146.15,,,,,,
03/07/25,MUKANDLTD,Smallcap,Metals & Mining,152.45,132.89,66,10061.92,8770.74,-1291.18,,,,,,
24/06/25,MUKANDLTD,Smallcap,Metals & Mining,138.65,132.89,72,9982.64,9568.08,-414.56,,,,,,
21/08/25,NAVA,Midcap,Miscellaneous,671.27,549.25,15,10069.04,8238.75,-1830.29,,,,,,
14/10/25,NAVKARCORP,Smallcap,Transportation,129.50,108.84,77,9971.50,8380.68,-1590.82,,,,,,
17/07/25,NAVKARCORP,Smallcap,Transportation,127.94,108.84,78,9979.32,8489.52,-1489.80,,,,,,
21/08/25,NAVNETEDUL,Smallcap,Miscellaneous,154.76,150.81,65,10059.62,9802.65,-256.97,,,,,,
02/06/25,NDRAUTO,Smallcap,Auto,966.08,890.25,10,9660.82,8902.50,-758.32,,,,,,
12/05/25,NDRAUTO,Smallcap,Auto,899.95,890.25,11,9899.43,9792.75,-106.68,,,,,,
11/06/25,NELCO,Smallcap,Telecom,1028.00,854.40,10,10280.00,8544.00,-1736.00,,,,,,
10/06/25,NELCO,Smallcap,Telecom,985.00,854.40,10,9850.00,8544.00,-1306.00,,,,,,
16/07/25,NETWORK18,Midcap,Media,62.00,46.27,161,9982.00,7449.47,-2532.53,,,,,,
25/06/25,NETWORK18,Midcap,Media,61.54,46.27,162,9969.48,7495.74,-2473.74,,,,,,
03/06/25,NFL,Smallcap,Chemicals,106.29,92.19,94,9991.04,8665.86,-1325.18,,,,,,
30/07/25,NIACL,Largecap,Financials,198.19,180.02,50,9909.51,9001.00,-908.51,,,,,,
15/05/25,NILKAMAL,Smallcap,Plastic products,1763.71,1490.00,6,10582.25,8940.00,-1642.25,,,,,,
09/07/25,NIVABUPA,Midcap,Financials,89.00,76.57,112,9968.00,8575.84,-1392.16,,,,,,
08/05/25,NIVABUPA,Midcap,Financials,85.06,76.57,118,10037.08,9035.26,-1001.82,,,,,,
27/06/25,SMLISUZU,Smallcap,Auto,,,,,,,,,,,,
23/04/25,NIVABUPA,Midcap,Financials,84.00,76.57,119,9996.00,9111.83,-884.17,,,,,,
23/09/25,NRBBEARING,Smallcap,Industrials,292.49,287.10,34,9944.55,9761.40,-183.15,,,,,,
24/09/25,NSIL,Smallcap,Financials,7650.00,6972.50,1,7650.00,6972.50,-677.50,,,,,,
22/05/25,NTPCGREEN,Largecap,Power & Utilities,113.44,98.48,88,9982.72,8666.24,-1316.48,,,,,,
19/05/25,NUCLEUS,Smallcap,I.T,1321.86,965.20,8,10574.91,7721.60,-2853.31,,,,,,
17/07/25,OAL,Smallcap,Chemicals,409.31,340.05,24,9823.54,8161.20,-1662.34,,,,,,
11/06/25,OIL,Largecap,Energy,473.23,436.85,21,9937.85,9173.85,-764.00,,,,,,
24/07/25,OLECTRA,Midcap,Auto,1541.43,1407.00,6,9248.58,8442.00,-806.58,,,,,,
16/06/25,OMAXE,Smallcap,Realty,107.50,76.98,93,9997.50,7159.14,-2838.36,,,,,,
02/06/25,OMAXE,Smallcap,Realty,99.25,76.98,101,10024.25,7774.98,-2249.27,,,,,,
14/05/25,ONEPOINT,Smallcap,I.T,61.37,51.65,163,10003.31,8418.95,-1584.36,,,,,,
18/06/25,OPTIEMUS,Midcap,Services,666.35,557.35,15,9995.25,8360.25,-1635.00,,,,,,
06/10/25,ORIENTTECH,Smallcap,I.T,510.15,382.25,20,10203.00,7645.00,-2558.00,,,,,,
03/10/25,ORIENTTECH,Smallcap,I.T,440.00,382.25,23,10120.00,8791.75,-1328.25,,,,,,
03/10/25,ORISSAMINE,Smallcap,Metals & Mining,5770.00,5116.50,2,11540.00,10233.00,-1307.00,,,,,,
29/07/25,PARADEEP,Midcap,Chemicals,219.99,162.71,45,9899.65,7321.95,-2577.70,,,,,,
21/07/25,PARADEEP,Midcap,Chemicals,189.13,162.71,53,10024.08,8623.63,-1400.45,,,,,,
12/11/25,PARAGMILK,Smallcap,FMCG,358.00,353.65,28,10024.00,9902.20,-121.80,,,,,,
07/07/25,PCJEWELLER,Midcap,Consumer Discretionary,18.67,11.56,536,10007.12,6196.16,-3810.96,,,,,,
04/07/25,PCJEWELLER,Midcap,Consumer Discretionary,17.40,11.56,575,10005.00,6647.00,-3358.00,,,,,,
25/08/25,PDMJEPAPER,Smallcap,Building Materials,144.40,106.21,69,9963.60,7328.49,-2635.11,,,,,,
18/08/25,PENIND,Smallcap,Metals & Mining,256.40,224.70,39,9999.60,8763.30,-1236.30,,,,,,
02/06/25,PENIND,Smallcap,Metals & Mining,244.00,224.70,41,10004.00,9212.70,-791.30,,,,,,
10/07/25,PENINLAND,Smallcap,Realty,43.39,32.04,230,9979.70,7369.20,-2610.50,,,,,,
04/08/25,PENINLAND,Smallcap,Realty,39.80,32.04,251,9989.80,8042.04,-1947.76,,,,,,
07/07/25,PENINLAND,Smallcap,Realty,35.20,32.04,284,9996.80,9099.36,-897.44,,,,,,
09/09/25,PFOCUS,Midcap,Realty,190.40,172.67,53,10091.20,9151.51,-939.69,,,,,,
11/06/25,PFS,Smallcap,Financials,44.00,36.04,227,9988.00,8181.08,-1806.92,,,,,,
01/08/25,PGHL,Midcap,Healthcare,6394.28,5890.00,2,12788.56,11780.00,-1008.56,,,,,,
12/11/25,PGIL,Midcap,Consumer Discretionary,1804.90,1688.10,6,10829.40,10128.60,-700.80,,,,,,
11/09/25,PICCADIL,Midcap,FMCG,722.80,620.30,14,10119.20,8684.20,-1435.00,,,,,,
17/07/25,PLATIND,Smallcap,Chemicals,317.10,259.35,32,10147.20,8299.20,-1848.00,,,,,,
17/09/25,PLATIND,Smallcap,Chemicals,316.85,259.35,32,10139.20,8299.20,-1840.00,,,,,,
16/07/25,PLATIND,Smallcap,Chemicals,290.80,259.35,34,9887.20,8817.90,-1069.30,,,,,,
24/07/25,PNBGILTS,Smallcap,Financials,112.85,87.23,89,10043.56,7763.47,-2280.09,,,,,,
23/07/25,PNBGILTS,Smallcap,Financials,108.30,87.23,92,9963.18,8025.16,-1938.02,,,,,,
06/05/25,POLYMED,Midcap,Healthcare,2695.27,1943.00,4,10781.07,7772.00,-3009.07,,,,,,
22/05/25,POLYPLEX,Smallcap,Industrials,1366.91,894.95,7,9568.34,6264.65,-3303.69,,,,,,
18/09/25,POONAWALLA,Largecap,Financials,502.10,469.20,20,10042.00,9384.00,-658.00,,,,,,
23/05/25,POWERMECH,Midcap,Realty,3192.50,2416.70,3,9577.51,7250.10,-2327.41,,,,,,
11/06/25,PRABHA,Smallcap,Energy,246.02,206.09,41,10086.82,8449.69,-1637.13,,,,,,
04/07/25,SMLISUZU,Smallcap,Auto,,,,,,,,,,,,
05/08/25,PRAKASH,Smallcap,Metals & Mining,187.70,147.09,53,9948.29,7795.77,-2152.52,,,,,,
09/09/25,PRECAM,Smallcap,Auto,244.91,187.73,41,10041.31,7696.93,-2344.38,,,,,,
17/09/25,PREMEXPLN,Smallcap,Chemicals,615.88,598.70,16,9854.12,9579.20,-274.92,,,,,,
06/11/25,PRIVISCL,Midcap,Chemicals,3280.00,3244.20,3,9840.00,9732.60,-107.40,,,,,,
18/09/25,PRSMJOHNSN,Midcap,Building Materials,167.00,145.45,60,10020.00,8727.00,-1293.00,,,,,,
11/06/25,PRSMJOHNSN,Midcap,Building Materials,162.00,145.45,62,10044.00,9017.90,-1026.10,,,,,,
20/10/25,PRSMJOHNSN,Midcap,Building Materials,156.00,145.45,64,9984.00,9308.80,-675.20,,,,,,
10/06/25,PRSMJOHNSN,Midcap,Building Materials,152.00,145.45,66,10032.00,9599.70,-432.30,,,,,,
29/07/25,PUNJABCHEM,Smallcap,Chemicals,1537.90,1310.20,7,10765.30,9171.40,-1593.90,,,,,,
05/06/25,PURVA,Midcap,Realty,308.60,260.15,32,9875.20,8324.80,-1550.40,,,,,,
29/07/25,PURVA,Midcap,Realty,291.70,260.15,34,9917.80,8845.10,-1072.70,,,,,,
01/07/25,QUICKHEAL,Smallcap,I.T,396.25,317.95,25,9906.25,7948.75,-1957.50,,,,,,
23/07/25,RADHIKAJWE,Smallcap,Consumer Discretionary,104.45,84.08,96,10027.20,8071.68,-1955.52,,,,,,
04/06/25,RAILTEL,Midcap,Telecom-Service,444.65,358.10,22,9782.26,7878.20,-1904.06,,,,,,
07/08/25,RAIN,Smallcap,Miscellaneous,160.97,116.87,62,9980.05,7245.94,-2734.11,,,,,,
30/05/25,RALLIS,Smallcap,Chemicals,315.43,250.70,32,10093.81,8022.40,-2071.41,,,,,,
05/06/25,RAMASTEEL,Smallcap,Metals & Mining,13.73,10.50,728,9995.44,7644.00,-2351.44,,,,,,
08/09/25,RAMCOIND,Smallcap,Building Materials,345.00,312.20,29,10005.00,9053.80,-951.20,,,,,,
07/10/25,RAMKY,Smallcap,Realty,640.80,631.65,16,10252.80,10106.40,-146.40,,,,,,
21/05/25,RAMRAT,Smallcap,Metals & Mining,652.45,634.55,15,9786.78,9518.25,-268.53,,,,,,
24/09/25,RANEHOLDIN,Smallcap,Financials,1677.00,1484.90,6,10062.00,8909.40,-1152.60,,,,,,
01/10/25,RATEGAIN,Midcap,I.T,710.00,700.70,14,9940.00,9809.80,-130.20,,,,,,
09/07/25,SMLISUZU,Smallcap,Auto,,,,,,,,,,,,
01/07/25,RAYMOND,Smallcap,Transportation,765.00,522.35,13,9945.00,6790.55,-3154.45,,,,,,
30/06/25,RAYMOND,Smallcap,Transportation,719.95,522.35,14,10079.30,7312.90,-2766.40,,,,,,
30/06/25,RAYMONDLSL,Midcap,Textiles,1305.10,1124.50,8,10440.80,8996.00,-1444.80,,,,,,
18/09/25,RBA,Smallcap,Consumer Discretionary,86.00,63.01,116,9976.00,7309.16,-2666.84,,,,,,
19/06/25,RBA,Smallcap,Consumer Discretionary,81.00,63.01,123,9963.00,7750.23,-2212.77,,,,,,
03/06/25,RCF,Midcap,Chemicals,160.54,150.27,62,9953.50,9316.74,-636.76,,,,,,
17/09/25,REDTAPE,Midcap,Consumer Discretionary,152.12,137.19,66,10039.92,9054.54,-985.38,,,,,,
07/07/25,RELAXO,Midcap,Consumer Discretionary,504.80,426.15,20,10096.06,8523.00,-1573.06,,,,,,
29/08/25,RELAXO,Midcap,Consumer Discretionary,479.00,426.15,21,10059.00,8949.15,-1109.85,,,,,,
11/07/25,RELIGARE,Midcap,Financials,267.51,260.00,37,9897.87,9620.00,-277.87,,,,,,
22/07/25,RHIM,Midcap,Building Materials,516.29,485.85,19,9809.56,9231.15,-578.41,,,,,,
18/08/25,RISHABH,Smallcap,Industrials,403.70,396.75,25,10092.50,9918.75,-173.75,,,,,,
02/07/25,RITES,Midcap,Miscellaneous,290.13,246.32,34,9864.35,8374.88,-1489.47,,,,,,
16/05/25,RITES,Midcap,Miscellaneous,283.39,246.32,35,9918.48,8621.20,-1297.28,,,,,,
17/06/25,RML,Smallcap,Auto,994.28,817.35,10,9942.80,8173.50,-1769.30,,,,,,
22/08/25,ROHLTD,Smallcap,Services,477.57,424.70,21,10029.02,8918.70,-1110.32,,,,,,
15/07/25,ROSSARI,Smallcap,Chemicals,744.95,629.95,13,9684.35,8189.35,-1495.00,,,,,,
18/08/25,ROSSTECH,Smallcap,Aerospace & Defence,714.70,669.45,14,10005.85,9372.30,-633.55,,,,,,
07/11/25,ROSSTECH,Smallcap,Aerospace & Defence,679.95,669.45,15,10199.25,10041.75,-157.50,,,,,,
23/05/25,RPOWER,Midcap,Power & Utilities,52.90,41.33,189,9998.10,7811.37,-2186.73,,,,,,
25/08/25,RSYSTEMS,Smallcap,I.T,477.00,409.55,21,10017.00,8600.55,-1416.45,,,,,,
22/08/25,RSYSTEMS,Smallcap,I.T,455.15,409.55,22,10013.30,9010.10,-1003.20,,,,,,
09/06/25,RSYSTEMS,Smallcap,I.T,419.70,409.55,24,10072.80,9829.20,-243.60,,,,,,
11/06/25,RTNINDIA,Midcap,Financials,65.00,46.78,154,10010.00,7204.12,-2805.88,,,,,,
10/06/25,RTNINDIA,Midcap,Financials,60.13,46.78,166,9981.58,7765.48,-2216.10,,,,,,
11/06/25,RTNPOWER,Midcap,Power & Utilities,15.29,10.23,654,9999.66,6690.42,-3309.24,,,,,,
10/06/25,RTNPOWER,Midcap,Power & Utilities,14.52,10.23,689,10004.28,7048.47,-2955.81,,,,,,
15/07/25,RUPA,Smallcap,Consumer Discretionary,226.38,197.69,44,9960.83,8698.36,-1262.47,,,,,,
04/09/25,SAGCEM,Smallcap,Building Materials,296.50,221.51,34,10081.00,7531.34,-2549.66,,,,,,
14/07/25,PEL,Largecap,Financials,,,,,,,,,,,,
18/07/25,SAGCEM,Smallcap,Building Materials,267.21,221.51,37,9886.77,8195.87,-1690.90,,,,,,
30/10/25,SAGILITY,Largecap,I.T,54.95,53.28,182,10000.00,9696.96,-303.04,,,,,,
11/08/25,SAILIFE,Midcap,Healthcare,903.95,871.95,11,9943.45,9591.45,-352.00,,,,,,
03/07/25,SAKSOFT,Smallcap,I.T,228.85,200.17,44,10069.49,8807.48,-1262.01,,,,,,
30/10/25,SALASAR,Smallcap,Metals & Mining,10.61,9.54,943,10005.23,8996.22,-1009.01,,,,,,
09/09/25,SALASAR,Smallcap,Metals & Mining,10.36,9.54,965,9997.40,9206.10,-791.30,,,,,,
24/04/25,SAMHI,Smallcap,Services,194.00,181.72,52,10088.00,9449.44,-638.56,,,,,,
27/06/25,SANGAMIND,Smallcap,Textiles,487.56,451.95,21,10238.76,9490.95,-747.81,,,,,,
16/05/25,SANGAMIND,Smallcap,Textiles,456.42,451.95,22,10041.15,9942.90,-98.25,,,,,,
30/06/25,SANOFICONR,Midcap,Healthcare,5696.00,4831.90,2,11392.00,9663.80,-1728.20,,,,,,
04/07/25,SAPPHIRE,Midcap,Consumer Discretionary,333.00,245.80,30,9990.00,7374.00,-2616.00,,,,,,
06/08/25,SARDAEN,Midcap,Metals & Mining,585.53,518.05,17,9954.02,8806.85,-1147.17,,,,,,
27/10/25,SATIN,Smallcap,Financials,157.12,151.53,64,10055.68,9697.92,-357.76,,,,,,
30/07/25,SAURASHCEM,Smallcap,Building Materials,116.82,98.03,86,10046.52,8430.58,-1615.94,,,,,,
21/07/25,SAURASHCEM,Smallcap,Building Materials,103.80,98.03,96,9964.80,9410.88,-553.92,,,,,,
14/08/25,SBCL,Smallcap,Metals & Mining,545.33,473.75,18,9815.85,8527.50,-1288.35,,,,,,
30/06/25,SBFC,Midcap,Financials,113.69,109.30,88,10004.72,9618.40,-386.32,,,,,,
24/10/25,SCI,Midcap,Transportation,273.00,265.30,37,10101.00,9816.10,-284.90,,,,,,
22/04/25,SDBL,Smallcap,FMCG,144.00,121.47,69,9936.00,8381.43,-1554.57,,,,,,
04/06/25,SERVOTECH,Smallcap,Industrials,164.94,101.87,61,10061.16,6214.07,-3847.09,,,,,,
20/06/25,SESHAPAPER,Smallcap,Building Materials,304.00,256.75,33,10032.00,8472.75,-1559.25,,,,,,
22/09/25,SHALBY,Smallcap,Healthcare,263.91,224.83,38,10028.58,8543.54,-1485.04,,,,,,
05/09/25,SHALBY,Smallcap,Healthcare,225.00,224.83,44,9900.00,9892.52,-7.48,,,,,,
22/07/25,SHANTIGEAR,Smallcap,Industrials,566.50,471.00,18,10197.00,8478.00,-1719.00,,,,,,
25/07/25,SHARDACROP,Midcap,Chemicals,1081.81,772.45,9,9736.29,6952.05,-2784.24,,,,,,
22/07/25,SHARDAMOTR,Midcap,Auto,1175.10,1025.80,9,10575.90,9232.20,-1343.70,,,,,,
06/11/25,SHARDAMOTR,Midcap,Auto,1139.00,1025.80,9,10251.00,9232.20,-1018.80,,,,,,
02/07/25,SHARDAMOTR,Midcap,Auto,1049.70,1025.80,10,10497.00,10258.00,-239.00,,,,,,
26/05/25,SHILPAMED,Smallcap,Healthcare,426.48,379.60,23,9809.11,8730.80,-1078.31,,,,,,
19/05/25,SHK,Smallcap,Chemicals,230.80,169.69,43,9924.37,7296.67,-2627.70,,,,,,
16/07/25,SHOPERSTOP,Midcap,Consumer Discretionary,568.00,462.45,18,10224.00,8324.10,-1899.90,,,,,,
25/08/25,SHREDIGCEM,Smallcap,Building Materials,100.00,90.09,100,10000.00,9009.00,-991.00,,,,,,
20/08/25,SHREDIGCEM,Smallcap,Building Materials,93.33,90.09,107,9986.69,9639.63,-347.06,,,,,,
22/09/25,SHREEPUSHK,Smallcap,Chemicals,461.80,412.70,22,10159.60,9079.40,-1080.20,,,,,,
27/05/25,SHRIRAMPPS,Smallcap,Realty,97.00,89.79,103,9991.00,9248.37,-742.63,,,,,,
03/10/25,SHYAMMETL,Largecap,Metals & Mining,975.60,855.80,10,9756.00,8558.00,-1198.00,,,,,,
28/05/25,SIGACHI,Smallcap,Healthcare,50.39,35.58,198,9978.18,7044.84,-2933.34,,,,,,
19/08/25,SIGNPOST,Smallcap,Miscellaneous,282.41,236.97,35,9884.44,8293.95,-1590.49,,,,,,
18/08/25,SIGNPOST,Smallcap,Miscellaneous,264.44,236.97,38,10048.86,9004.86,-1044.00,,,,,,
15/09/25,SIMPLEXINF,Smallcap,Realty,321.70,286.50,31,9972.70,8881.50,-1091.20,,,,,,
04/07/25,SINDHUTRAD,Smallcap,Transportation,36.89,23.68,271,9997.19,6417.28,-3579.91,,,,,,
01/07/25,SINDHUTRAD,Smallcap,Transportation,28.50,23.68,351,10003.50,8311.68,-1691.82,,,,,,
04/11/25,SIYSIL,Smallcap,Textiles,822.12,790.15,12,9865.45,9481.80,-383.65,,,,,,
16/05/25,SKFINDIA,Midcap,Industrials,4598.07,2045.00,2,9196.15,4090.00,-5106.15,,,,,,
01/08/25,SKIPPER,Midcap,Industrials,523.85,500.30,19,9953.21,9505.70,-447.52,,,,,,
11/09/25,SMSPHARMA,Smallcap,Healthcare,296.49,285.30,34,10080.78,9700.20,-380.58,,,,,,
25/07/25,SOLARA,Smallcap,Healthcare,701.00,572.95,14,9814.00,8021.30,-1792.70,,,,,,
25/06/25,SOLARA,Smallcap,Healthcare,628.10,572.95,16,10049.60,9167.20,-882.40,,,,,,
09/06/25,SOMANYCERA,Smallcap,Building Materials,596.24,441.35,17,10136.14,7502.95,-2633.19,,,,,,
08/07/25,SONATSOFTW,Midcap,I.T,432.46,374.15,23,9946.62,8605.45,-1341.17,,,,,,
20/10/25,SOUTHBANK,Midcap,Bank,39.00,38.00,256,9984.00,9728.00,-256.00,,,,,,
08/05/25,SPAL,Smallcap,Textiles,853.27,784.20,12,10239.22,9410.40,-828.82,,,,,,
15/07/25,SPANDANA,Smallcap,Financials,297.09,275.95,34,10101.02,9382.30,-718.72,,,,,,
28/05/25,SPARC,Smallcap,Healthcare,171.18,132.07,58,9928.44,7660.06,-2268.38,,,,,,
18/08/25,SPIC,Smallcap,Chemicals,101.46,89.75,99,10044.53,8885.25,-1159.28,,,,,,
24/07/25,SPIC,Smallcap,Chemicals,93.66,89.75,107,10021.52,9603.25,-418.27,,,,,,
23/06/25,SPLPETRO,Midcap,Energy,866.70,645.10,12,10400.45,7741.20,-2659.25,,,,,,
01/08/25,SPLPETRO,Midcap,Energy,842.20,645.10,12,10106.35,7741.20,-2365.15,,,,,,
18/08/25,SPLPETRO,Midcap,Energy,807.31,645.10,12,9687.75,7741.20,-1946.55,,,,,,
10/07/25,SPMLINFRA,Smallcap,Realty,279.50,215.30,36,10062.00,7750.80,-2311.20,,,,,,
21/07/25,MANGCHEFER,Smallcap,Chemicals,,,,,,,,,,,,
19/06/25,SPMLINFRA,Smallcap,Realty,244.00,215.30,41,10004.00,8827.30,-1176.70,,,,,,
16/07/25,SPORTKING,Smallcap,Textiles,130.82,102.24,76,9942.57,7770.24,-2172.33,,,,,,
02/05/25,SPORTKING,Smallcap,Textiles,113.78,102.24,88,10012.35,8997.12,-1015.23,,,,,,
09/07/25,STANLEY,Smallcap,Consumer Discretionary,351.60,240.45,28,9844.80,6732.60,-3112.20,,,,,,
03/11/25,STAR,Midcap,Healthcare,983.00,943.55,10,9830.00,9435.50,-394.50,,,,,,
12/08/25,STARCEMENT,Midcap,Building Materials,287.99,233.95,35,10079.81,8188.25,-1891.56,,,,,,
04/08/25,STARCEMENT,Midcap,Building Materials,264.08,233.95,38,10034.97,8890.10,-1144.87,,,,,,
18/07/25,STERTOOLS,Smallcap,Industrials,373.20,298.30,27,10076.34,8054.10,-2022.24,,,,,,
18/08/25,STOVEKRAFT,Smallcap,Consumer Discretionary,665.46,643.15,15,9981.94,9647.25,-334.69,,,,,,
30/05/25,STYRENIX,Smallcap,Energy,3176.01,2247.30,3,9528.03,6741.90,-2786.13,,,,,,
23/09/25,SUBROS,Midcap,Auto,1126.65,894.60,9,10139.85,8051.40,-2088.45,,,,,,
16/06/25,SUBROS,Midcap,Auto,1024.15,894.60,10,10241.46,8946.00,-1295.46,,,,,,
28/07/25,SUDARSCHEM,Midcap,Chemicals,1359.94,1035.80,7,9519.56,7250.60,-2268.96,,,,,,
09/06/25,SUDARSCHEM,Midcap,Chemicals,1287.46,1035.80,8,10299.67,8286.40,-2013.27,,,,,,
11/06/25,SULA,Smallcap,FMCG,322.60,247.20,31,10000.60,7663.20,-2337.40,,,,,,
30/07/25,SUMICHEM,Largecap,Chemicals,640.00,464.80,16,10240.00,7436.80,-2803.20,,,,,,
26/08/25,SUMMITSEC,Smallcap,Financials,2338.00,2201.00,4,9352.00,8804.00,-548.00,,,,,,
16/10/25,SUMMITSEC,Smallcap,Financials,2222.20,2201.00,5,11111.00,11005.00,-106.00,,,,,,
05/06/25,SUNFLAG,Smallcap,Metals & Mining,296.26,259.35,34,10072.71,8817.90,-1254.81,,,,,,
23/09/25,SUPRAJIT,Midcap,Auto,500.00,460.25,20,10000.00,9205.00,-795.00,,,,,,
01/10/25,SURYODAY,Smallcap,Bank,155.99,137.53,64,9983.36,8801.92,-1181.44,,,,,,
30/05/25,SUZLON,Largecap,Industrials,72.20,57.68,139,10035.80,8017.52,-2018.28,,,,,,
01/08/25,SUZLON,Largecap,Industrials,66.60,57.68,150,9990.00,8652.00,-1338.00,,,,,,
15/07/25,SWANCORP,Midcap,Textiles,499.90,457.25,20,9997.95,9145.00,-852.95,,,,,,
07/11/25,SWANCORP,Midcap,Textiles,468.00,457.25,21,9828.00,9602.25,-225.75,,,,,,
15/07/25,SWARAJENG,Smallcap,Industrials,4650.00,4017.50,2,9300.00,8035.00,-1265.00,,,,,,
07/07/25,SWARAJENG,Smallcap,Industrials,4269.00,4017.50,2,8538.00,8035.00,-503.00,,,,,,
11/09/25,SWELECTES,Smallcap,Industrials,919.95,785.10,11,10119.45,8636.10,-1483.35,,,,,,
22/07/25,SWIGGY,Largecap,I.T,418.00,393.10,24,10032.00,9434.40,-597.60,,,,,,
20/05/25,TALBROAUTO,Smallcap,Auto,292.01,280.05,34,9928.29,9521.70,-406.59,,,,,,
19/09/25,TANLA,Midcap,I.T,742.67,610.55,13,9654.71,7937.15,-1717.56,,,,,,
05/08/25,TANLA,Midcap,I.T,658.50,610.55,15,9877.51,9158.25,-719.26,,,,,,
12/06/25,TANLA,Midcap,I.T,657.51,610.55,15,9862.66,9158.25,-704.41,,,,,,
26/05/25,TARSONS,Smallcap,Healthcare,444.00,239.70,23,10212.00,5513.10,-4698.90,,,,,,
29/07/25,TATACHEM,Largecap,Chemicals,1000.00,832.75,10,10000.00,8327.50,-1672.50,,,,,,
30/09/25,TATAINVEST,Smallcap,Financials,1066.00,779.20,9,9594.00,7012.80,-2581.20,,,,,,
24/09/25,TATAINVEST,Smallcap,Financials,873.00,779.20,11,9603.00,8571.20,-1031.80,,,,,,
23/09/25,TATAINVEST,Smallcap,Financials,825.00,779.20,12,9900.00,9350.40,-549.60,,,,,,
03/09/25,TBOTEK,Midcap,I.T,1615.00,1572.40,6,9690.00,9434.40,-255.60,,,,,,
04/11/25,TBOTEK,Midcap,I.T,1589.00,1572.40,6,9534.00,9434.40,-99.60,,,,,,
22/04/25,TBZ,Smallcap,Consumer Discretionary,218.35,190.27,46,10044.14,8752.42,-1291.72,,,,,,
05/08/25,TBZ,Smallcap,Consumer Discretionary,211.93,190.27,47,9960.66,8942.69,-1017.97,,,,,,
10/07/25,TCI,Midcap,Transportation,1264.80,1119.90,8,10118.40,8959.20,-1159.20,,,,,,
03/06/25,TCIEXP,Smallcap,Transportation,808.83,614.30,12,9706.01,7371.60,-2334.41,,,,,,
03/11/25,TDPOWERSYS,Midcap,Industrials,805.07,785.70,12,9660.80,9428.40,-232.40,,,,,,
13/08/25,TECHNOE,Midcap,Realty,1440.99,1227.40,7,10086.90,8591.80,-1495.10,,,,,,
28/05/25,TECHNOE,Midcap,Realty,1426.18,1227.40,7,9983.24,8591.80,-1391.44,,,,,,
09/07/25,THEJO,Smallcap,Industrials,2182.44,1690.80,5,10912.18,8454.00,-2458.18,,,,,,
09/10/25,THEMISMED,Smallcap,Healthcare,131.50,116.96,76,9994.00,8888.96,-1105.04,,,,,,
17/07/25,THERMAX,Largecap,Industrials,3906.90,3006.00,3,11720.70,9018.00,-2702.70,,,,,,
17/07/25,THOMASCOOK,Midcap,Miscellaneous,179.53,154.55,56,10053.46,8654.80,-1398.66,,,,,,
30/05/25,TIIL,Midcap,Metals & Mining,3119.83,2493.40,3,9359.48,7480.20,-1879.28,,,,,,
31/10/25,TNPETRO,Smallcap,Energy,125.00,108.97,80,10000.00,8717.60,-1282.40,,,,,,
04/07/25,TNPL,Smallcap,Building Materials,182.43,147.38,55,10033.41,8105.90,-1927.51,,,,,,
06/08/25,TRANSRAILL,Midcap,Realty,793.83,652.00,13,10319.83,8476.00,-1843.83,,,,,,
03/07/25,TRANSRAILL,Midcap,Realty,728.75,652.00,14,10202.50,9128.00,-1074.50,,,,,,
28/05/25,TRIVENI,Midcap,FMCG,449.78,365.10,22,9895.20,8032.20,-1863.00,,,,,,
24/04/25,TRIVENI,Midcap,FMCG,434.54,365.10,23,9994.44,8397.30,-1597.14,,,,,,
28/10/25,TTKPRESTIG,Midcap,Consumer Discretionary,709.00,663.55,14,9926.00,9289.70,-636.30,,,,,,
13/11/25,TVSELECT,Smallcap,I.T,672.90,662.95,15,10093.50,9944.25,-149.25,,,,,,
16/05/25,UFLEX,Smallcap,Industrials,611.88,519.70,16,9790.10,8315.20,-1474.90,,,,,,
28/05/25,UNIMECH,Midcap,Aerospace & Defence,1218.00,1002.30,8,9744.00,8018.40,-1725.60,,,,,,
29/07/25,MANGCHEFER,Smallcap,Chemicals,,,,,,,,,,,,
01/04/25,VADILALIND,Smallcap,FMCG,5131.22,5117.00,2,10262.45,10234.00,-28.45,,,,,,
30/10/25,VAIBHAVGBL,Smallcap,Consumer Discretionary,273.64,265.10,37,10124.56,9808.70,-315.86,,,,,,
29/09/25,VASCONEQ,Smallcap,Realty,71.15,57.37,141,10032.15,8089.17,-1942.98,,,,,,
16/09/25,VASCONEQ,Smallcap,Realty,63.39,57.37,158,10015.62,9064.46,-951.16,,,,,,
16/07/25,VASCONEQ,Smallcap,Realty,59.60,57.37,168,10012.80,9638.16,-374.64,,,,,,
05/09/25,VASCONEQ,Smallcap,Realty,57.49,57.37,174,10003.26,9982.38,-20.88,,,,,,
15/09/25,VEEDOL,Smallcap,Chemicals,1948.50,1754.70,5,9742.50,8773.50,-969.00,,,,,,
08/07/25,VENUSPIPES,Smallcap,Metals & Mining,1591.52,1292.80,6,9549.10,7756.80,-1792.30,,,,,,
02/07/25,VENUSPIPES,Smallcap,Metals & Mining,1484.46,1292.80,7,10391.19,9049.60,-1341.59,,,,,,
24/07/25,VIJAYA,Midcap,Healthcare,1107.72,1060.40,9,9969.47,9543.60,-425.87,,,,,,
03/09/25,VIMTALABS,Smallcap,Healthcare,815.00,638.70,12,9780.00,7664.40,-2115.60,,,,,,
02/09/25,VIMTALABS,Smallcap,Healthcare,792.10,638.70,13,10297.30,8303.10,-1994.20,,,,,,
29/07/25,VIMTALABS,Smallcap,Healthcare,699.95,638.70,14,9799.30,8941.80,-857.50,,,,,,
28/07/25,VIMTALABS,Smallcap,Healthcare,671.95,638.70,15,10079.25,9580.50,-498.75,,,,,,
23/05/25,VINDHYATEL,Smallcap,Realty,1612.84,1572.40,6,9677.02,9434.40,-242.62,,,,,,
14/07/25,VIPIND,Midcap,Plastic products,481.65,398.35,21,10114.65,8365.35,-1749.30,,,,,,
11/06/25,VIPIND,Midcap,Plastic products,415.00,398.35,24,9960.00,9560.40,-399.60,,,,,,
30/07/25,VISHNU,Smallcap,Chemicals,555.65,493.55,18,10001.69,8883.90,-1117.79,,,,,,
22/05/25,VRLLOG,Smallcap,Transportation,290.15,278.60,34,9865.13,9472.40,-392.73,,,,,,
21/10/25,VSSL,Smallcap,Metals & Mining,303.00,280.70,33,9999.00,9263.10,-735.90,,,,,,
29/09/25,VSSL,Smallcap,Metals & Mining,286.35,280.70,35,10022.25,9824.50,-197.75,,,,,,
16/10/25,WAAREERTL,Midcap,Power & Utilities,1302.00,1163.40,8,10416.00,9307.20,-1108.80,,,,,,
13/10/25,WAAREERTL,Midcap,Power & Utilities,1239.00,1163.40,8,9912.00,9307.20,-604.80,,,,,,
20/08/25,WCIL,Smallcap,Transportation,127.10,125.49,79,10040.90,9913.71,-127.19,,,,,,
13/08/25,WINDLAS,Smallcap,Healthcare,1060.00,820.65,9,9540.00,7385.85,-2154.15,,,,,,
11/06/25,WOCKPHARMA,Largecap,Healthcare,1833.00,1345.50,5,9165.00,6727.50,-2437.50,,,,,,
04/07/25,WSTCSTPAPR,Smallcap,Building Materials,554.46,431.50,18,9980.30,7767.00,-2213.30,,,,,,
08/10/25,YATHARTH,Midcap,Healthcare,835.00,794.80,12,10020.00,9537.60,-482.40,,,,,,
20/05/25,YUKEN,Smallcap,Industrials,1062.38,892.20,9,9561.44,8029.80,-1531.64,,,,,,
23/06/25,ZEEL,Midcap,Media,146.72,100.48,68,9977.00,6832.64,-3144.36,,,,,,
20/05/25,ZENSARTECH,Midcap,I.T,828.99,724.85,12,9947.83,8698.20,-1249.63,,,,,,
26/03/25,ZFCVINDIA,Largecap,Auto,12802.75,12688.00,1,12802.75,12688.00,-114.75,,,,,,
31/07/25,ZUARI,Smallcap,Chemicals,320.00,290.70,31,9920.00,9011.70,-908.30,,,,,,
24/09/25,ZUARIIND,Smallcap,FMCG,395.85,339.70,25,9896.25,8492.50,-1403.75,,,,,,
25/09/25,ZUARIIND,Smallcap,FMCG,386.00,339.70,26,10036.00,8832.20,-1203.80,,,,,,
11/11/25,ZUARIIND,Smallcap,FMCG,339.90,339.70,29,9857.10,9851.30,-5.80,,,,,,
12/11/25,SYRMA,Midcap,Consumer Discretionary,894.00,894.35,11,9834.00,9837.85,3.85,,,,,,
14/05/25,SUVEN,Smallcap,Healthcare,186.30,186.41,54,10060.20,10066.14,5.94,,,,,,
11/09/25,SANGHVIMOV,Smallcap,Miscellaneous,368.50,368.85,27,9949.50,9958.95,9.45,,,,,,
18/08/25,RICOAUTO,Smallcap,Auto,98.71,98.81,101,9969.98,9979.81,9.82,,,,,,
14/05/25,COCHINSHIP,Largecap,Aerospace & Defence,1723.65,1725.30,6,10341.89,10351.80,9.91,,,,,,
10/07/25,LEMONTREE,Midcap,Services,156.32,156.52,64,10004.48,10017.28,12.80,,,,,,
13/11/25,PRECWIRE,Smallcap,Metals & Mining,268.99,269.37,37,9952.63,9966.69,14.06,,,,,,
15/05/25,ASTRAMICRO,Midcap,Aerospace & Defence,997.81,999.30,10,9978.13,9993.00,14.87,,,,,,
05/05/25,DLINKINDIA,Smallcap,Services,455.46,456.20,22,10020.21,10036.40,16.19,,,,,,
07/11/25,INTERARCH,Smallcap,Metals & Mining,2580.00,2584.50,4,10320.00,10338.00,18.00,,,,,,
28/10/25,CARTRADE,Midcap,Consumer Discretionary,3074.00,3080.40,3,9222.00,9241.20,19.20,,,,,,
04/11/25,LGBBROSLTD,Midcap,Auto,1815.10,1819.30,6,10890.60,10915.80,25.20,,,,,,
04/08/25,SARDAEN,Midcap,Metals & Mining,516.70,518.05,19,9817.36,9842.95,25.59,,,,,,
07/11/25,PRICOLLTD,Midcap,Auto,585.96,588.10,17,9961.30,9997.70,36.40,,,,,,
15/09/25,NORTHARC,Smallcap,Financials,269.77,270.85,37,9981.49,10021.45,39.96,,,,,,
10/11/25,TORNTPHARM,Largecap,Healthcare,3817.50,3831.80,3,11452.50,11495.40,42.90,,,,,,
10/11/25,NYKAA,Largecap,I.T,259.00,260.13,39,10101.00,10145.07,44.07,,,,,,
18/09/25,BANCOINDIA,Midcap,Auto,802.25,806.05,12,9627.00,9672.60,45.60,,,,,,
19/05/25,HEG,Midcap,Industrials,513.17,515.90,19,9750.26,9802.10,51.84,,,,,,
13/06/25,FINOPB,Smallcap,Bank,280.50,282.00,36,10098.00,10152.00,54.00,,,,,,
26/05/25,SAKSOFT,Smallcap,I.T,199.05,200.17,50,9952.27,10008.50,56.23,,,,,,
17/10/25,ACUTAAS,Midcap,Healthcare,1700.00,1711.10,6,10200.00,10266.60,66.60,,,,,,
30/07/25,FOSECOIND,Smallcap,Chemicals,5400.00,5435.00,2,10800.00,10870.00,70.00,,,,,,
13/11/25,BELRISE,Midcap,Auto,163.00,164.32,61,9943.00,10023.52,80.52,,,,,,
20/06/25,JPOLYINVST,Smallcap,Financials,945.40,952.85,11,10399.40,10481.35,81.95,,,,,,
20/10/25,ECLERX,Largecap,I.T,4359.00,4400.60,2,8718.00,8801.20,83.20,,,,,,
22/09/25,IFBIND,Midcap,Consumer Discretionary,1750.00,1764.30,6,10500.00,10585.80,85.80,,,,,,
06/06/25,CHOLAHLDNG,Largecap,Financials,1958.55,1976.50,5,9792.75,9882.50,89.75,,,,,,
03/10/25,PTCIL,Largecap,Industrials,16849.00,16944.00,1,16849.00,16944.00,95.00,,,,,,
15/07/25,ANANTRAJ,Largecap,Realty,610.00,616.10,16,9760.00,9857.60,97.60,,,,,,
07/11/25,ARVIND,Midcap,Textiles,333.10,336.40,30,9993.00,10092.00,99.00,,,,,,
16/06/25,IGL,Largecap,Energy,210.42,212.66,48,10100.17,10207.68,107.51,,,,,,
05/06/25,PILANIINVS,Midcap,Financials,5278.30,5334.00,2,10556.59,10668.00,111.41,,,,,,
23/07/25,CREDITACC,Largecap,Financials,1350.10,1366.70,7,9450.70,9566.90,116.20,,,,,,
06/10/25,NYKAA,Largecap,I.T,257.00,260.13,39,10023.00,10145.07,122.07,,,,,,
08/08/25,KRBL,Midcap,FMCG,424.24,429.35,24,10181.79,10304.40,122.61,,,,,,
28/04/25,MANORAMA,Midcap,FMCG,1313.44,1329.20,8,10507.52,10633.60,126.08,,,,,,
27/05/25,ITI,Largecap,Aerospace & Defence,312.50,316.55,32,10000.00,10129.60,129.60,,,,,,
30/10/25,ABCAPITAL,Largecap,Financials,326.95,331.40,31,10135.45,10273.40,137.95,,,,,,
10/06/25,GVPIL,Smallcap,Realty,349.95,354.95,29,10148.55,10293.55,145.00,,,,,,
11/08/25,GVPIL,Smallcap,Realty,349.95,354.95,29,10148.55,10293.55,145.00,,,,,,
16/07/25,GREENLAM,Midcap,Building Materials,260.20,264.10,38,9887.60,10035.80,148.20,,,,,,
01/09/25,ZYDUSWELL,Smallcap,FMCG,447.52,454.35,22,9845.44,9995.70,150.26,,,,,,
12/11/25,YATRA,Smallcap,I.T,184.72,187.55,54,9974.88,10127.70,152.82,,,,,,
19/08/25,DENTA,Smallcap,Realty,395.00,401.40,25,9875.00,10035.00,160.00,,,,,,
04/11/25,SJS,Midcap,Auto,1730.60,1758.70,6,10383.60,10552.20,168.60,,,,,,
15/09/25,GPIL,Midcap,Metals & Mining,271.99,276.70,37,10063.63,10237.90,174.27,,,,,,
27/10/25,HATSUN,Largecap,FMCG,1073.00,1092.90,9,9657.00,9836.10,179.10,,,,,,
26/06/25,TIINDIA,Largecap,Industrials,3006.46,3067.60,3,9019.39,9202.80,183.41,,,,,,
07/11/25,CPPLUS,Midcap,Consumer Discretionary,1589.90,1620.90,6,9539.40,9725.40,186.00,,,,,,
24/09/25,WHEELS,Smallcap,Auto,869.00,884.80,12,10428.00,10617.60,189.60,,,,,,
28/05/25,SCHNEIDER,Midcap,Industrials,782.30,797.20,13,10169.90,10363.60,193.70,,,,,,
22/07/25,ETERNAL,Largecap,I.T,298.00,303.75,34,10132.00,10327.50,195.50,,,,,,
10/10/25,TATACOMM,Largecap,Telecom-Service,1833.00,1874.00,5,9165.00,9370.00,205.00,,,,,,
03/09/25,MANINDS,Smallcap,Metals & Mining,418.00,426.55,24,10032.00,10237.20,205.20,,,,,,
12/11/25,GLOBUSSPR,Smallcap,FMCG,1170.00,1193.30,9,10530.00,10739.70,209.70,,,,,,
16/07/25,SAURASHCEM,Smallcap,Building Materials,96.00,98.03,104,9984.00,10195.12,211.12,,,,,,
10/11/25,TEMBO,Smallcap,Consumer Discretionary,765.00,781.40,13,9945.00,10158.20,213.20,,,,,,
26/09/25,RACLGEAR,Smallcap,Auto,1078.00,1102.00,9,9702.00,9918.00,216.00,,,,,,
12/06/25,RHIM,Midcap,Building Materials,475.51,485.85,21,9985.63,10202.85,217.22,,,,,,
12/06/25,NAVA,Midcap,Miscellaneous,536.83,549.25,19,10199.79,10435.75,235.96,,,,,,
29/10/25,SAIL,Largecap,Metals & Mining,138.70,141.99,72,9986.40,10223.28,236.88,,,,,,
12/11/25,MONTECARLO,Smallcap,Textiles,755.10,773.60,13,9816.30,10056.80,240.50,,,,,,
22/07/25,TI,Midcap,FMCG,476.17,487.80,21,9999.54,10243.80,244.26,,,,,,
04/08/25,ENDURANCE,Largecap,Auto,2625.10,2686.20,4,10500.40,10744.80,244.40,,,,,,
01/09/25,HUHTAMAKI,Smallcap,Industrials,230.81,236.65,43,9924.83,10175.95,251.12,,,,,,
29/10/25,VAIBHAVGBL,Smallcap,Consumer Discretionary,258.58,265.10,39,10084.60,10338.90,254.30,,,,,,
31/07/25,KAYNES,Largecap,Consumer Discretionary,6202.50,6332.00,2,12405.00,12664.00,259.00,,,,,,
17/09/25,SANSERA,Midcap,Auto,1518.65,1555.90,7,10630.54,10891.30,260.76,,,,,,
15/07/25,WAAREERTL,Midcap,Power & Utilities,1133.00,1163.40,9,10197.00,10470.60,273.60,,,,,,
10/11/25,LUMAXTECH,Midcap,Auto,1390.00,1430.40,7,9730.00,10012.80,282.80,,,,,,
15/10/25,GMBREW,Smallcap,FMCG,1165.75,1197.30,9,10491.75,10775.70,283.95,,,,,,
08/08/25,JUBLCPL,Smallcap,Chemicals,2404.00,2475.20,4,9616.00,9900.80,284.80,,,,,,
31/10/25,TDPOWERSYS,Midcap,Industrials,763.62,785.70,13,9927.03,10214.10,287.07,,,,,,
12/11/25,KIRLOSENG,Midcap,Industrials,1060.00,1092.05,9,9540.00,9828.45,288.45,,,,,,
24/07/25,INFOBEAN,Smallcap,I.T,595.00,612.00,17,10115.00,10404.00,289.00,,,,,,
10/07/25,FLAIR,Smallcap,Miscellaneous,307.93,317.00,32,9853.90,10144.00,290.10,,,,,,
19/05/25,BLSE,Smallcap,I.T,204.84,210.80,49,10037.22,10329.20,291.98,,,,,,
20/10/25,AUBANK,Largecap,Bank,866.00,890.60,12,10392.00,10687.20,295.20,,,,,,
23/06/25,IRMENERGY,Smallcap,Energy,306.95,316.00,33,10129.31,10428.00,298.69,,,,,,
29/05/25,WELCORP,Largecap,Industrials,891.19,918.50,11,9803.12,10103.50,300.38,,,,,,
25/08/25,ECLERX,Largecap,I.T,4248.80,4400.60,2,8497.60,8801.20,303.60,,,,,,
10/07/25,QPOWER,Midcap,Industrials,800.19,825.80,12,9602.28,9909.60,307.32,,,,,,
29/04/25,COCHINSHIP,Largecap,Aerospace & Defence,1671.62,1725.30,6,10029.71,10351.80,322.09,,,,,,
26/06/25,APARINDS,Largecap,Industrials,8748.21,9071.00,1,8748.21,9071.00,322.79,,,,,,
11/09/25,WAAREERTL,Midcap,Power & Utilities,1127.10,1163.40,9,10143.90,10470.60,326.70,,,,,,
10/11/25,NATIONALUM,Largecap,Metals & Mining,254.16,262.57,39,9912.19,10240.23,328.04,,,,,,
13/11/25,DATAPATTNS,Midcap,Aerospace & Defence,2991.00,3100.70,3,8973.00,9302.10,329.10,,,,,,
01/08/25,KIOCL,Largecap,Metals & Mining,369.30,382.00,27,9971.10,10314.00,342.90,,,,,,
19/05/25,GRAPHITE,Midcap,Industrials,552.45,571.65,18,9944.14,10289.70,345.56,,,,,,
20/10/25,FEDERALBNK,Largecap,Bank,228.39,236.26,44,10049.16,10395.44,346.28,,,,,,
23/07/25,DATAMATICS,Midcap,I.T,849.39,879.15,12,10192.67,10549.80,357.14,,,,,,
09/05/25,YESBANK,Largecap,Bank,21.70,22.50,461,10003.70,10372.50,368.80,,,,,,
15/09/25,SHREEPUSHK,Smallcap,Chemicals,397.89,412.70,25,9947.19,10317.50,370.31,,,,,,
08/07/25,KRSNAA,Smallcap,Healthcare,777.45,806.20,13,10106.89,10480.60,373.71,,,,,,
24/09/25,MINDACORP,Midcap,Auto,579.00,601.15,17,9843.00,10219.55,376.55,,,,,,
18/09/25,TATAINVEST,Smallcap,Financials,750.00,779.20,13,9750.00,10129.60,379.60,,,,,,
07/11/25,CCL,Midcap,FMCG,1014.90,1053.10,10,10149.00,10531.00,382.00,,,,,,
19/09/25,ADANIPOWER,Largecap,Power & Utilities,148.20,153.91,67,9929.40,10311.97,382.57,,,,,,
04/08/25,CGCL,Midcap,Financials,190.80,198.35,52,9921.43,10314.20,392.77,,,,,,
03/11/25,LATENTVIEW,Midcap,I.T,470.00,488.80,21,9870.00,10264.80,394.80,,,,,,
27/10/25,RRKABEL,Midcap,Industrials,1323.60,1373.20,8,10588.82,10985.60,396.77,,,,,,
30/07/25,ZUARI,Smallcap,Chemicals,279.50,290.70,36,10062.00,10465.20,403.20,,,,,,
10/10/25,SANDHAR,Smallcap,Auto,526.95,548.25,19,10012.05,10416.75,404.70,,,,,,
02/09/25,JAICORPLTD,Smallcap,Plastic products,143.55,149.49,70,10048.37,10464.30,415.93,,,,,,
06/06/25,MARINE,Smallcap,Industrials,240.22,250.20,42,10089.39,10508.40,419.01,,,,,,
06/11/25,GPPL,Midcap,Transportation,167.40,174.43,60,10044.24,10465.80,421.56,,,,,,
25/06/25,VSSL,Smallcap,Metals & Mining,268.98,280.70,37,9952.16,10385.90,433.74,,,,,,
10/11/25,IMFA,Midcap,Metals & Mining,1316.10,1370.70,8,10528.80,10965.60,436.80,,,,,,
18/09/25,BAJAJCON,Smallcap,FMCG,259.00,270.35,39,10101.00,10543.65,442.65,,,,,,
02/07/25,KALAMANDIR,Smallcap,Consumer Discretionary,161.12,168.50,62,9989.17,10447.00,457.83,,,,,,
06/08/25,CENTUM,Smallcap,Consumer Discretionary,2330.30,2446.20,4,9321.20,9784.80,463.60,,,,,,
04/06/25,NAVA,Midcap,Miscellaneous,524.82,549.25,19,9971.55,10435.75,464.20,,,,,,
04/11/25,CUB,Midcap,Bank,258.65,270.59,39,10087.35,10553.01,465.66,,,,,,
21/07/25,BORORENEW,Midcap,Building Materials,629.50,659.70,16,10072.00,10555.20,483.20,,,,,,
07/05/25,SANGAMIND,Smallcap,Textiles,430.84,451.95,23,9909.41,10394.85,485.44,,,,,,
19/08/25,JAMNAAUTO,Smallcap,Auto,103.94,109.10,96,9978.16,10473.60,495.44,,,,,,
14/08/25,RISHABH,Smallcap,Industrials,377.65,396.75,26,9818.90,10315.50,496.60,,,,,,
21/05/25,DREDGECORP,Smallcap,Miscellaneous,749.90,788.35,13,9748.70,10248.55,499.85,,,,,,
20/06/25,ENDURANCE,Largecap,Auto,2560.03,2686.20,4,10240.11,10744.80,504.69,,,,,,
08/08/25,KPIL,Largecap,Realty,1189.60,1253.20,8,9516.80,10025.60,508.80,,,,,,
03/11/25,IFBAGRO,Smallcap,FMCG,1470.00,1543.30,7,10290.00,10803.10,513.10,,,,,,
04/09/25,AVL,Midcap,Consumer Discretionary,504.00,530.30,20,10080.00,10606.00,526.00,,,,,,
10/10/25,SANGAMIND,Smallcap,Textiles,428.95,451.95,23,9865.85,10394.85,529.00,,,,,,
20/05/25,PFIZER,Largecap,Healthcare,4807.40,5074.00,2,9614.79,10148.00,533.21,,,,,,
08/10/25,SEQUENT,Midcap,Healthcare,217.00,229.08,46,9982.00,10537.68,555.68,,,,,,
10/09/25,SMSPHARMA,Smallcap,Healthcare,270.13,285.30,37,9994.80,10556.10,561.30,,,,,,
03/07/25,ASTERDM,Largecap,Healthcare,642.83,678.10,16,10285.26,10849.60,564.34,,,,,,
31/10/25,CHENNPETRO,Midcap,Energy,971.50,1029.00,10,9715.00,10290.00,575.00,,,,,,
02/05/25,MOIL,Midcap,Metals & Mining,336.79,356.00,30,10103.78,10680.00,576.22,,,,,,
10/06/25,TATAINVEST,Smallcap,Financials,737.90,779.20,14,10330.60,10908.80,578.20,,,,,,
18/06/25,JPOLYINVST,Smallcap,Financials,900.00,952.85,11,9900.00,10481.35,581.35,,,,,,
30/05/25,RELTD,Smallcap,Industrials,165.00,174.55,61,10065.00,10647.55,582.55,,,,,,
17/06/25,STLTECH,Midcap,Industrials,112.43,119.05,89,10006.27,10595.45,589.18,,,,,,
20/08/25,GOODLUCK,Smallcap,Metals & Mining,1086.05,1152.20,9,9774.44,10369.80,595.36,,,,,,
25/09/25,TVSELECT,Smallcap,I.T,625.00,662.95,16,10000.00,10607.20,607.20,,,,,,
23/05/25,CENTUM,Smallcap,Consumer Discretionary,2293.94,2446.20,4,9175.78,9784.80,609.02,,,,,,
11/06/25,BLISSGVS,Smallcap,Healthcare,152.51,161.75,66,10065.81,10675.50,609.69,,,,,,
04/08/25,ZUARIIND,Smallcap,FMCG,319.93,339.70,31,9917.93,10530.70,612.77,,,,,,
23/07/25,KIOCL,Largecap,Metals & Mining,360.00,382.00,28,10080.00,10696.00,616.00,,,,,,
07/08/25,INDOFARM,Smallcap,Auto,205.78,218.36,49,10083.22,10699.64,616.42,,,,,,
13/05/25,CARERATING,Smallcap,Financials,1508.48,1597.40,7,10559.39,11181.80,622.41,,,,,,
10/11/25,AIAENG,Largecap,Industrials,3484.50,3693.00,3,10453.50,11079.00,625.50,,,,,,
13/08/25,LANDMARK,Smallcap,Consumer Discretionary,528.74,561.70,19,10045.98,10672.30,626.32,,,,,,
24/04/25,VSSL,Smallcap,Metals & Mining,264.08,280.70,38,10035.09,10666.60,631.51,,,,,,
22/09/25,BORORENEW,Midcap,Building Materials,620.00,659.70,16,9920.00,10555.20,635.20,,,,,,
19/08/25,FIEMIND,Midcap,Auto,2108.70,2235.90,5,10543.50,11179.50,636.00,,,,,,
22/07/25,INDIACEM,Midcap,Building Materials,368.60,392.85,27,9952.20,10606.95,654.75,,,,,,
31/10/25,NAVINFLUOR,Largecap,Chemicals,5693.91,6021.50,2,11387.81,12043.00,655.19,,,,,,
14/08/25,SWELECTES,Smallcap,Industrials,738.10,785.10,14,10333.40,10991.40,658.00,,,,,,
12/06/25,SUBROS,Midcap,Auto,837.67,894.60,12,10051.99,10735.20,683.21,,,,,,
06/06/25,UJJIVANSFB,Midcap,Bank,48.49,51.81,206,9988.94,10672.86,683.92,,,,,,
23/10/25,SCI,Midcap,Transportation,248.00,265.30,40,9920.00,10612.00,692.00,,,,,,
08/07/25,LEMONTREE,Midcap,Services,146.06,156.52,68,9932.08,10643.36,711.28,,,,,,
13/11/25,UNIVCABLES,Smallcap,Industrials,800.00,860.50,12,9600.00,10326.00,726.00,,,,,,
07/10/25,SHAILY,Midcap,Plastic products,2438.00,2622.80,4,9752.00,10491.20,739.20,,,,,,
22/07/25,RACLGEAR,Smallcap,Auto,1028.00,1102.00,10,10280.00,11020.00,740.00,,,,,,
21/05/25,GODIGIT,Largecap,Financials,325.00,349.20,31,10075.00,10825.20,750.20,,,,,,
04/11/25,THANGAMAYL,Midcap,Consumer Discretionary,3041.20,3296.00,3,9123.60,9888.00,764.40,,,,,,
30/10/25,BHEL,Largecap,Industrials,261.29,281.60,38,9929.02,10700.80,771.78,,,,,,
23/07/25,SHALBY,Smallcap,Healthcare,208.50,224.83,48,10008.00,10791.84,783.84,,,,,,
25/03/25,HEG,Midcap,Industrials,478.30,515.90,21,10044.21,10833.90,789.69,,,,,,
23/07/25,INFOBEAN,Smallcap,I.T,568.04,612.00,18,10224.70,11016.00,791.30,,,,,,
18/09/25,UNIVCABLES,Smallcap,Industrials,799.55,860.50,13,10394.15,11186.50,792.35,,,,,,
23/09/25,ZUARIIND,Smallcap,FMCG,314.70,339.70,32,10070.40,10870.40,800.00,,,,,,
25/07/25,VIMTALABS,Smallcap,Healthcare,590.95,638.70,17,10046.15,10857.90,811.75,,,,,,
14/08/25,RICOAUTO,Smallcap,Auto,91.35,98.81,109,9957.05,10770.29,813.24,,,,,,
06/06/25,DIVGIITTS,Smallcap,Auto,594.84,642.95,17,10112.28,10930.15,817.87,,,,,,
06/11/25,CCL,Midcap,FMCG,970.00,1053.10,10,9700.00,10531.00,831.00,,,,,,
22/09/25,GUJTHEM,Smallcap,Healthcare,411.80,446.90,24,9883.20,10725.60,842.40,,,,,,
09/07/25,MSPL,Smallcap,Metals & Mining,32.00,34.72,312,9984.00,10832.64,848.64,,,,,,
01/09/25,JINDALPHOT,Smallcap,Financials,1230.40,1337.00,8,9843.20,10696.00,852.80,,,,,,
11/06/25,LANDMARK,Smallcap,Consumer Discretionary,516.60,561.70,19,9815.31,10672.30,856.99,,,,,,
10/09/25,INDRAMEDCO,Midcap,Healthcare,505.08,548.15,20,10101.56,10963.00,861.44,,,,,,
02/05/25,NUVOCO,Midcap,Building Materials,339.00,368.80,29,9831.00,10695.20,864.20,,,,,,
28/10/25,KIRLOSENG,Midcap,Industrials,1005.00,1092.05,10,10050.00,10920.50,870.50,,,,,,
16/09/25,GESHIP,Midcap,Transportation,1046.06,1133.20,10,10460.61,11332.00,871.39,,,,,,
11/04/25,SARDAEN,Midcap,Metals & Mining,476.30,518.05,21,10002.40,10879.05,876.65,,,,,,
21/07/25,DENTA,Smallcap,Realty,368.48,401.40,27,9948.87,10837.80,888.93,,,,,,
02/09/25,BHARATSE,Smallcap,Auto,172.35,187.77,58,9996.30,10890.66,894.36,,,,,,
22/09/25,ADANIENSOL,Largecap,Power & Utilities,941.50,1023.85,11,10356.50,11262.35,905.85,,,,,,
05/09/25,NETWEB,Midcap,I.T,3135.50,3438.00,3,9406.50,10314.00,907.50,,,,,,
12/06/25,MANALIPETC,Smallcap,Energy,62.47,68.15,160,9995.76,10904.00,908.24,,,,,,
23/07/25,ROSSTECH,Smallcap,Aerospace & Defence,608.83,669.45,16,9741.32,10711.20,969.88,,,,,,
17/09/25,DHANI,Smallcap,Financials,,,,,,,,,,,,
26/05/25,SANDHAR,Smallcap,Auto,499.49,548.25,20,9989.90,10965.00,975.10,,,,,,
06/06/25,BAJAJINDEF,Smallcap,Industrials,330.41,363.15,30,9912.37,10894.50,982.13,,,,,,
06/08/25,AJMERA,Smallcap,Realty,894.90,985.30,11,9843.90,10838.30,994.40,,,,,,
18/08/25,AVL,Midcap,Consumer Discretionary,482.90,530.30,21,10140.90,11136.30,995.40,,,,,,
27/10/25,PSPPROJECT,Smallcap,Realty,912.05,1002.65,11,10032.55,11029.15,996.60,,,,,,
20/10/25,JKTYRE,Midcap,Auto,418.45,460.00,24,10042.80,11040.00,997.20,,,,,,
17/06/25,NRBBEARING,Smallcap,Industrials,260.67,287.10,38,9905.34,10909.80,1004.46,,,,,,
23/07/25,MRPL,Largecap,Energy,155.99,171.83,64,9983.36,10997.12,1013.76,,,,,,
05/09/25,POCL,Smallcap,Metals & Mining,1286.30,1414.40,8,10290.44,11315.20,1024.76,,,,,,
29/09/25,SAMMAANCAP,Midcap,Financials,159.52,176.14,63,10049.76,11096.82,1047.06,,,,,,
07/08/25,AVALON,Midcap,Consumer Discretionary,950.25,1046.70,11,10452.75,11513.70,1060.95,,,,,,
16/07/25,SHREDIGCEM,Smallcap,Building Materials,81.27,90.09,123,9996.59,11081.07,1084.48,,,,,,
18/06/25,ZYDUSWELL,Smallcap,FMCG,409.00,454.35,24,9815.94,10904.40,1088.46,,,,,,
10/10/25,SOUTHBANK,Midcap,Bank,34.26,38.00,292,10003.92,11096.00,1092.08,,,,,,
03/11/25,LGBBROSLTD,Midcap,Auto,1635.50,1819.30,6,9813.00,10915.80,1102.80,,,,,,
29/04/25,PARAS,Midcap,Aerospace & Defence,689.47,765.90,15,10342.03,11488.50,1146.47,,,,,,
02/06/25,MBAPL,Smallcap,Chemicals,365.18,407.95,27,9859.81,11014.65,1154.85,,,,,,
20/06/25,WAAREEENER,Largecap,Industrials,2960.34,3348.70,3,8881.02,10046.10,1165.08,,,,,,
25/06/25,DECCANCE,Smallcap,Building Materials,895.40,1001.40,11,9849.42,11015.40,1165.98,,,,,,
25/09/25,RACLGEAR,Smallcap,Auto,983.90,1102.00,10,9839.00,11020.00,1181.00,,,,,,
26/05/25,GODAVARIB,Smallcap,FMCG,233.49,261.55,43,10040.07,11246.65,1206.58,,,,,,
02/06/25,IFBIND,Midcap,Consumer Discretionary,1562.90,1764.30,6,9377.40,10585.80,1208.40,,,,,,
16/09/25,USHAMART,Midcap,Metals & Mining,409.00,459.55,24,9816.00,11029.20,1213.20,,,,,,
28/07/25,LAURUSLABS,Largecap,Healthcare,888.27,999.00,11,9770.94,10989.00,1218.06,,,,,,
15/05/25,VASCONEQ,Smallcap,Realty,51.10,57.37,196,10015.60,11244.52,1228.92,,,,,,
30/05/25,ASIANTILES,Smallcap,Building Materials,60.65,68.16,165,10007.25,11246.40,1239.15,,,,,,
03/10/25,SANDUMA,Midcap,Metals & Mining,198.00,222.50,51,10098.00,11347.50,1249.50,,,,,,
18/08/25,ASHOKLEY,Largecap,Auto,131.76,148.26,76,10013.76,11267.76,1254.00,,,,,,
21/08/25,JAICORPLTD,Smallcap,Plastic products,132.58,149.49,75,9943.70,11211.75,1268.05,,,,,,
05/09/25,GMDCLTD,Midcap,Metals & Mining,503.34,567.60,20,10066.87,11352.00,1285.13,,,,,,
23/04/25,WAAREEENER,Largecap,Industrials,2918.36,3348.70,3,8755.09,10046.10,1291.01,,,,,,
23/09/25,MONTECARLO,Smallcap,Textiles,687.00,773.60,15,10305.00,11604.00,1299.00,,,,,,
07/10/25,UNIPARTS,Smallcap,Industrials,430.33,487.60,23,9897.49,11214.80,1317.31,,,,,,
15/09/25,KMEW,Smallcap,Transportation,2325.00,2658.00,4,9300.00,10632.00,1332.00,,,,,,
30/06/25,INDRAMEDCO,Midcap,Healthcare,484.67,548.15,21,10178.09,11511.15,1333.06,,,,,,
22/05/25,EMCURE,Largecap,Healthcare,1202.51,1371.80,8,9620.11,10974.40,1354.29,,,,,,
19/06/25,PUNJABCHEM,Smallcap,Chemicals,1159.70,1310.20,9,10437.34,11791.80,1354.46,,,,,,
24/09/25,LUMAXTECH,Midcap,Auto,1260.00,1430.40,8,10080.00,11443.20,1363.20,,,,,,
20/06/25,SAILIFE,Midcap,Healthcare,766.85,871.95,13,9969.05,11335.35,1366.30,,,,,,
09/04/25,FAZE3Q,Smallcap,Textiles,450.00,512.40,22,9900.00,11272.80,1372.80,,,,,,
03/11/25,RPEL,Smallcap,Building Materials,877.00,1004.65,11,9647.00,11051.15,1404.15,,,,,,
02/07/25,FLAIR,Smallcap,Miscellaneous,277.83,317.00,36,10001.84,11412.00,1410.16,,,,,,
14/08/25,HINDWAREAP,Smallcap,Consumer Discretionary,313.80,358.40,32,10041.60,11468.80,1427.20,,,,,,
26/05/25,LLOYDSENT,Midcap,Services,56.98,65.21,175,9971.82,11411.75,1439.93,,,,,,
22/07/25,SWELECTES,Smallcap,Industrials,689.05,785.10,15,10335.75,11776.50,1440.75,,,,,,
29/07/25,GUJTHEM,Smallcap,Healthcare,391.33,446.90,26,10174.64,11619.40,1444.76,,,,,,
14/05/25,INDORAMA,Smallcap,Textiles,48.10,55.11,208,10004.80,11462.88,1458.08,,,,,,
15/05/25,FOSECOIND,Smallcap,Chemicals,4695.00,5435.00,2,9390.00,10870.00,1480.00,,,,,,
02/06/25,DIFFNKG,Smallcap,Industrials,320.26,368.10,31,9928.18,11411.10,1482.92,,,,,,
15/09/25,BANCOINDIA,Midcap,Auto,698.70,806.05,14,9781.80,11284.70,1502.90,,,,,,
24/07/25,SENORES,Smallcap,Healthcare,680.00,780.40,15,10200.00,11706.00,1506.00,,,,,,
26/05/25,SUBROS,Midcap,Auto,778.63,894.60,13,10122.19,11629.80,1507.61,,,,,,
21/07/25,TI,Midcap,FMCG,424.08,487.80,24,10177.95,11707.20,1529.25,,,,,,
15/04/25,SAILIFE,Midcap,Healthcare,753.65,871.95,13,9797.45,11335.35,1537.90,,,,,,
11/08/25,VSTTILLERS,Smallcap,Auto,4905.77,5675.00,2,9811.53,11350.00,1538.47,,,,,,
25/06/25,ARIHANTCAP,Smallcap,Financials,86.95,100.33,115,9999.21,11537.95,1538.74,,,,,,
16/06/25,STLTECH,Midcap,Industrials,103.00,119.05,97,9991.00,11547.85,1556.85,,,,,,
21/07/25,SWELECTES,Smallcap,Industrials,679.90,785.10,15,10198.50,11776.50,1578.00,,,,,,
22/08/25,GPIL,Midcap,Metals & Mining,239.00,276.70,42,10038.00,11621.40,1583.40,,,,,,
29/07/25,ZUARI,Smallcap,Chemicals,250.90,290.70,40,10036.00,11628.00,1592.00,,,,,,
30/05/25,SAILIFE,Midcap,Healthcare,748.00,871.95,13,9724.00,11335.35,1611.35,,,,,,
18/08/25,MARUTI,Largecap,Auto,14070.00,15684.00,1,14070.00,15684.00,1614.00,,,,,,
12/09/25,KMEW,Smallcap,Transportation,2254.10,2658.00,4,9016.40,10632.00,1615.60,,,,,,
13/05/25,SUVEN,Smallcap,Healthcare,160.30,186.41,62,9938.60,11557.42,1618.82,,,,,,
13/06/25,SCI,Midcap,Transportation,227.05,265.30,44,9990.38,11673.20,1682.82,,,,,,
30/05/25,GPPL,Midcap,Transportation,149.05,174.43,67,9986.16,11686.81,1700.65,,,,,,
18/07/25,DENTA,Smallcap,Realty,342.47,401.40,29,9931.60,11640.60,1709.00,,,,,,
12/08/25,ZOTA,Smallcap,Healthcare,1352.06,1597.10,7,9464.45,11179.70,1715.25,,,,,,
15/10/25,TATVA,Smallcap,Chemicals,1274.00,1489.40,8,10192.00,11915.20,1723.20,,,,,,
29/08/25,JINDALPHOT,Smallcap,Financials,1145.00,1337.00,9,10305.00,12033.00,1728.00,,,,,,
26/08/25,LUMAXIND,Smallcap,Auto,4020.00,4897.40,2,8040.00,9794.80,1754.80,,,,,,
08/04/25,CHOLAHLDNG,Largecap,Financials,1682.94,1976.50,6,10097.64,11859.00,1761.36,,,,,,
20/06/25,GALLANTT,Midcap,Metals & Mining,508.05,596.85,20,10161.10,11937.00,1775.90,,,,,,
11/08/25,UNIVCABLES,Smallcap,Industrials,732.92,860.50,14,10260.83,12047.00,1786.17,,,,,,
30/04/25,VMM,Largecap,Consumer Discretionary,115.95,136.94,86,9971.70,11776.84,1805.14,,,,,,
23/06/25,NORTHARC,Smallcap,Financials,228.90,270.85,44,10071.60,11917.40,1845.80,,,,,,
25/04/25,SBILIFE,Largecap,Financials,1690.00,2000.90,6,10140.00,12005.40,1865.40,,,,,,
22/08/25,APOLLO,Midcap,Aerospace & Defence,238.80,283.50,42,10029.76,11907.00,1877.24,,,,,,
04/08/25,ABCAPITAL,Largecap,Financials,279.00,331.40,36,10044.00,11930.40,1886.40,,,,,,
15/09/25,PARAGMILK,Smallcap,FMCG,297.98,353.65,34,10131.44,12024.10,1892.66,,,,,,
23/06/25,MRPL,Largecap,Energy,144.10,171.83,69,9942.90,11856.27,1913.37,,,,,,
23/04/25,SMSPHARMA,Smallcap,Healthcare,239.67,285.30,42,10066.20,11982.60,1916.40,,,,,,
20/10/25,DCBBANK,Midcap,Bank,147.00,175.50,68,9996.00,11934.00,1938.00,,,,,,
20/06/25,HYUNDAI,Largecap,Auto,1962.99,2356.10,5,9814.94,11780.50,1965.56,,,,,,
24/07/25,THYROCARE,Midcap,Healthcare,1317.59,1564.00,8,10540.73,12512.00,1971.27,,,,,,
01/10/25,TVSSRICHAK,Smallcap,Auto,3675.20,4336.10,3,11025.60,13008.30,1982.70,,,,,,
01/07/25,ASAHIINDIA,Largecap,Building Materials,803.79,969.35,12,9645.48,11632.20,1986.72,,,,,,
08/09/25,MUFIN,Smallcap,Financials,90.54,108.85,110,9959.40,11973.50,2014.10,,,,,,
30/05/25,MOSCHIP,Smallcap,I.T,190.40,228.75,53,10091.20,12123.75,2032.55,,,,,,
23/05/25,INDORAMA,Smallcap,Textiles,45.77,55.11,218,9977.86,12013.98,2036.12,,,,,,
27/06/25,INDRAMEDCO,Midcap,Healthcare,455.05,548.15,22,10011.12,12059.30,2048.18,,,,,,
21/05/25,JKTYRE,Midcap,Auto,381.02,460.00,26,9906.64,11960.00,2053.36,,,,,,
13/05/25,CENTUM,Smallcap,Consumer Discretionary,2035.33,2446.20,5,10176.63,12231.00,2054.37,,,,,,
09/07/25,MUFIN,Smallcap,Financials,90.17,108.85,111,10008.87,12082.35,2073.48,,,,,,
10/07/25,KIRLOSENG,Midcap,Industrials,902.75,1092.05,11,9930.25,12012.55,2082.30,,,,,,
09/10/25,DYNAMATECH,Midcap,Industrials,7630.50,9715.00,1,7630.50,9715.00,2084.50,,,,,,
11/07/25,DATAMATICS,Midcap,I.T,729.99,879.15,14,10219.82,12308.10,2088.28,,,,,,
14/07/25,ANANDRATHI,Largecap,Financials,2495.17,3022.30,4,9980.66,12089.20,2108.54,,,,,,
30/04/25,CEATLTD,Midcap,Auto,3277.08,3986.40,3,9831.25,11959.20,2127.95,,,,,,
13/08/25,NYKAA,Largecap,I.T,214.81,260.13,47,10096.07,12226.11,2130.04,,,,,,
28/10/25,PRECWIRE,Smallcap,Metals & Mining,222.00,269.37,45,9990.00,12121.65,2131.65,,,,,,
03/06/25,KIOCL,Largecap,Metals & Mining,314.95,382.00,32,10078.40,12224.00,2145.60,,,,,,
29/05/25,FMGOETZE,Smallcap,Auto,436.00,530.70,23,10028.00,12206.10,2178.10,,,,,,
16/09/25,SRM,Smallcap,Realty,515.85,634.10,19,9801.15,12047.90,2246.75,,,,,,
16/07/25,TI,Midcap,FMCG,396.14,487.80,25,9903.54,12195.00,2291.46,,,,,,
25/06/25,SAMMAANCAP,Midcap,Financials,143.00,176.14,70,10010.00,12329.80,2319.80,,,,,,
03/11/25,THANGAMAYL,Midcap,Consumer Discretionary,2709.10,3296.00,4,10836.40,13184.00,2347.60,,,,,,
19/05/25,KRBL,Midcap,FMCG,348.35,429.35,29,10102.28,12451.15,2348.87,,,,,,
21/07/25,KIOCL,Largecap,Metals & Mining,308.50,382.00,32,9872.00,12224.00,2352.00,,,,,,
19/05/25,DELHIVERY,Largecap,Transportation,352.00,436.40,28,9856.00,12219.20,2363.20,,,,,,
10/06/25,NESCO,Midcap,Realty,1023.74,1260.20,10,10237.42,12602.00,2364.58,,,,,,
28/10/25,CHENNPETRO,Midcap,Energy,831.00,1029.00,12,9972.00,12348.00,2376.00,,,,,,
09/05/25,PREMEXPLN,Smallcap,Chemicals,483.54,598.70,21,10154.42,12572.70,2418.28,,,,,,
06/08/25,BLACKBUCK,Midcap,Transportation,563.70,699.00,18,10146.60,12582.00,2435.40,,,,,,
11/04/25,STEELCAS,Smallcap,Industrials,175.76,218.78,57,10018.44,12470.46,2452.02,,,,,,
29/05/25,KIOCL,Largecap,Metals & Mining,307.60,382.00,33,10150.80,12606.00,2455.20,,,,,,
05/06/25,BAJAJINDEF,Smallcap,Industrials,290.60,363.15,34,9880.53,12347.10,2466.57,,,,,,
04/07/25,MUFIN,Smallcap,Financials,87.15,108.85,115,10022.25,12517.75,2495.50,,,,,,
27/06/25,PFOCUS,Midcap,Realty,137.99,172.67,72,9935.28,12432.24,2496.96,,,,,,
12/08/25,YATRA,Smallcap,I.T,150.00,187.55,67,10050.00,12565.85,2515.85,,,,,,
25/08/25,TEMBO,Smallcap,Consumer Discretionary,623.90,781.40,16,9982.40,12502.40,2520.00,,,,,,
03/06/25,FIEMIND,Midcap,Auto,1815.50,2235.90,6,10892.99,13415.40,2522.41,,,,,,
31/07/25,ACUTAAS,Midcap,Healthcare,1350.52,1711.10,7,9453.67,11977.70,2524.03,,,,,,
28/05/25,RICOAUTO,Smallcap,Auto,78.91,98.81,127,10021.63,12548.87,2527.24,,,,,,
14/10/25,MTARTECH,Midcap,Aerospace & Defence,2120.00,2626.60,5,10600.00,13133.00,2533.00,,,,,,
03/04/25,CSBBANK,Midcap,Bank,340.00,427.45,29,9860.00,12396.05,2536.05,,,,,,
17/06/25,GOKULAGRO,Smallcap,FMCG,156.30,196.49,64,10003.20,12575.36,2572.16,,,,,,
27/06/25,HUBTOWN,Smallcap,Realty,261.00,328.80,38,9918.00,12494.40,2576.40,,,,,,
18/09/25,TVSELECT,Smallcap,I.T,526.95,662.95,19,10012.05,12596.05,2584.00,,,,,,
22/05/25,INTERARCH,Smallcap,Metals & Mining,2054.56,2584.50,5,10272.81,12922.50,2649.69,,,,,,
02/06/25,KARURVYSYA,Largecap,Bank,197.61,249.60,51,10078.08,12729.60,2651.52,,,,,,
28/04/25,DCBBANK,Midcap,Bank,138.67,175.50,72,9984.28,12636.00,2651.72,,,,,,
21/05/25,HLEGLAS,Smallcap,Industrials,384.18,486.30,26,9988.59,12643.80,2655.21,,,,,,
29/05/25,ASAHIINDIA,Largecap,Building Materials,763.59,969.35,13,9926.61,12601.55,2674.94,,,,,,
27/10/25,IFBAGRO,Smallcap,FMCG,1208.90,1543.30,8,9671.20,12346.40,2675.20,,,,,,
03/06/25,SHREEPUSHK,Smallcap,Chemicals,326.27,412.70,31,10114.31,12793.70,2679.39,,,,,,
26/08/25,IZMO,Smallcap,I.T,679.75,860.25,15,10196.25,12903.75,2707.50,,,,,,
09/06/25,TVSELECT,Smallcap,I.T,520.00,662.95,19,9880.00,12596.05,2716.05,,,,,,
14/07/25,NEULANDLAB,Largecap,Healthcare,14738.79,17461.00,1,14738.79,17461.00,2722.21,,,,,,
31/10/25,RPEL,Smallcap,Building Materials,793.25,1004.65,13,10312.25,13060.45,2748.20,,,,,,
13/08/25,YATRA,Smallcap,I.T,147.00,187.55,68,9996.00,12753.40,2757.40,,,,,,
23/04/25,CHOICEIN,Midcap,Financials,612.00,784.85,16,9792.00,12557.60,2765.60,,,,,,
10/06/25,ADANIPOWER,Largecap,Power & Utilities,120.55,153.91,83,10005.65,12774.53,2768.88,,,,,,
23/09/25,TVSELECT,Smallcap,I.T,516.00,662.95,19,9804.00,12596.05,2792.05,,,,,,
13/10/25,GMBREW,Smallcap,FMCG,941.40,1197.30,11,10355.40,13170.30,2814.90,,,,,,
15/04/25,HCG,Midcap,Healthcare,574.00,739.85,17,9758.00,12577.45,2819.45,,,,,,
28/05/25,FMGOETZE,Smallcap,Auto,411.95,530.70,24,9886.80,12736.80,2850.00,,,,,,
24/07/25,POCL,Smallcap,Metals & Mining,1096.85,1414.40,9,9871.64,12729.60,2857.96,,,,,,
03/10/25,PRECWIRE,Smallcap,Metals & Mining,209.70,269.37,48,10065.60,12929.76,2864.16,,,,,,
12/05/25,MANINDS,Smallcap,Metals & Mining,330.15,426.55,30,9904.50,12796.50,2892.00,,,,,,
28/04/25,PARAS,Midcap,Aerospace & Defence,592.07,765.90,17,10065.17,13020.30,2955.13,,,,,,
17/07/25,IXIGO,Midcap,I.T,213.97,277.10,47,10056.59,13023.70,2967.11,,,,,,
22/05/25,STAR,Midcap,Healthcare,729.70,943.55,14,10215.83,13209.70,2993.87,,,,,,
27/03/25,MAHSCOOTER,Midcap,Financials,11335.01,14337.00,1,11335.01,14337.00,3001.99,,,,,,
02/06/25,FIEMIND,Midcap,Auto,1733.74,2235.90,6,10402.42,13415.40,3012.98,,,,,,
22/05/25,FORTIS,Largecap,Healthcare,717.10,937.70,14,10039.43,13127.80,3088.37,,,,,,
25/07/25,TATVA,Smallcap,Chemicals,1144.61,1489.40,9,10301.53,13404.60,3103.07,,,,,,
24/09/25,SANDUMA,Midcap,Metals & Mining,169.80,222.50,59,10018.20,13127.50,3109.30,,,,,,
02/07/25,TVSSRICHAK,Smallcap,Auto,3295.95,4336.10,3,9887.85,13008.30,3120.45,,,,,,
09/10/25,CUPID,Midcap,FMCG,237.95,312.84,42,9993.90,13139.28,3145.38,,,,,,
01/09/25,ATHERENERG,Largecap,Auto,491.90,649.60,20,9838.00,12992.00,3154.00,,,,,,
14/05/25,AIIL,Largecap,Financials,2143.50,2774.40,5,10717.50,13872.00,3154.50,,,,,,
13/05/25,MANINDS,Smallcap,Metals & Mining,324.00,426.55,31,10044.00,13223.05,3179.05,,,,,,
22/05/25,CARYSIL,Smallcap,Consumer Discretionary,786.97,1036.05,13,10230.61,13468.65,3238.04,,,,,,
22/05/25,RAMCOSYS,Smallcap,I.T,454.00,602.60,22,9988.00,13257.20,3269.20,,,,,,
29/05/25,CUMMINSIND,Largecap,Industrials,3159.20,4283.20,3,9477.60,12849.60,3372.00,,,,,,
24/06/25,BAJAJCON,Smallcap,FMCG,202.00,270.35,50,10100.00,13517.50,3417.50,,,,,,
25/08/25,RATEGAIN,Midcap,I.T,519.70,700.70,19,9874.30,13313.30,3439.00,,,,,,
25/08/25,IZMO,Smallcap,I.T,644.00,860.25,16,10304.00,13764.00,3460.00,,,,,,
04/07/25,CHENNPETRO,Midcap,Energy,761.38,1029.00,13,9897.97,13377.00,3479.03,,,,,,
09/10/25,GMBREW,Smallcap,FMCG,878.50,1197.30,11,9663.50,13170.30,3506.80,,,,,,
18/07/25,GMDCLTD,Midcap,Metals & Mining,421.04,567.60,24,10104.96,13622.40,3517.44,,,,,,
03/09/25,NETWEB,Midcap,I.T,2539.00,3438.00,4,10156.00,13752.00,3596.00,,,,,,
19/08/25,SJS,Midcap,Auto,1305.00,1758.70,8,10440.00,14069.60,3629.60,,,,,,
13/06/25,TVSSRICHAK,Smallcap,Auto,3121.86,4336.10,3,9365.57,13008.30,3642.73,,,,,,
09/05/25,CRAFTSMAN,Midcap,Auto,4915.86,6746.00,2,9831.71,13492.00,3660.29,,,,,,
09/07/25,SYRMA,Midcap,Consumer Discretionary,648.80,894.35,15,9731.99,13415.25,3683.26,,,,,,
14/08/25,MUTHOOTFIN,Largecap,Financials,2800.00,3725.60,4,11200.00,14902.40,3702.40,,,,,,
22/04/25,ASAHIINDIA,Largecap,Building Materials,703.43,969.35,14,9848.00,13570.90,3722.90,,,,,,
14/07/25,THYROCARE,Midcap,Healthcare,1149.00,1564.00,9,10341.01,14076.00,3734.99,,,,,,
18/06/25,RPEL,Smallcap,Building Materials,737.82,1004.65,14,10329.50,14065.10,3735.60,,,,,,
12/06/25,TI,Midcap,FMCG,352.99,487.80,28,9883.59,13658.40,3774.81,,,,,,
18/07/25,GARUDA,Smallcap,Realty,165.80,229.32,60,9948.00,13759.20,3811.20,,,,,,
07/05/25,CCL,Midcap,FMCG,757.53,1053.10,13,9847.93,13690.30,3842.37,,,,,,
06/06/25,TVSELECT,Smallcap,I.T,478.00,662.95,21,10038.00,13921.95,3883.95,,,,,,
07/05/25,TNPETRO,Smallcap,Energy,78.19,108.97,128,10008.15,13948.16,3940.01,,,,,,
20/05/25,INOXGREEN,Midcap,Miscellaneous,181.00,253.00,55,9955.00,13915.00,3960.00,,,,,,
22/08/25,IZMO,Smallcap,I.T,611.50,860.25,16,9784.00,13764.00,3980.00,,,,,,
03/09/25,TDPOWERSYS,Midcap,Industrials,555.42,785.70,18,9997.59,14142.60,4145.01,,,,,,
15/05/25,TI,Midcap,FMCG,344.65,487.80,29,9994.94,14146.20,4151.25,,,,,,
24/09/25,PRECWIRE,Smallcap,Metals & Mining,190.07,269.37,53,10073.71,14276.61,4202.90,,,,,,
18/07/25,INFOBEAN,Smallcap,I.T,428.72,612.00,23,9860.67,14076.00,4215.33,,,,,,
13/06/25,PSPPROJECT,Smallcap,Realty,700.90,1002.65,14,9812.60,14037.10,4224.50,,,,,,
17/04/25,GUJTHEM,Smallcap,Healthcare,309.47,446.90,32,9903.11,14300.80,4397.69,,,,,,
21/05/25,BANCOINDIA,Midcap,Auto,560.00,806.05,18,10080.00,14508.90,4428.90,,,,,,
01/07/25,ZOTA,Smallcap,Healthcare,1097.24,1597.10,9,9875.16,14373.90,4498.74,,,,,,
09/06/25,SJS,Midcap,Auto,1191.65,1758.70,8,9533.17,14069.60,4536.43,,,,,,
15/09/25,TVSELECT,Smallcap,I.T,455.25,662.95,22,10015.50,14584.90,4569.40,,,,,,
29/04/25,GRSE,Largecap,Aerospace & Defence,1971.65,2897.10,5,9858.24,14485.50,4627.27,,,,,,
23/06/25,CHENNPETRO,Midcap,Energy,691.89,1029.00,14,9686.53,14406.00,4719.47,,,,,,
19/05/25,PRECWIRE,Smallcap,Metals & Mining,183.41,269.37,55,10087.59,14815.35,4727.76,,,,,,
18/07/25,TATVA,Smallcap,Chemicals,1005.00,1489.40,10,10050.03,14894.00,4843.97,,,,,,
11/08/25,HBLENGINE,Largecap,Auto,692.19,1041.30,14,9690.63,14578.20,4887.57,,,,,,
11/08/25,YATRA,Smallcap,I.T,125.00,187.55,80,10000.00,15004.00,5004.00,,,,,,
28/07/25,CARTRADE,Midcap,Consumer Discretionary,2059.10,3080.40,5,10295.50,15402.00,5106.50,,,,,,
11/06/25,GMBREW,Smallcap,FMCG,795.25,1197.30,13,10338.25,15564.90,5226.65,,,,,,
31/07/25,STALLION,Smallcap,Chemicals,138.00,212.70,72,9936.00,15314.40,5378.40,,,,,,
15/07/25,JAYNECOIND,Midcap,Metals & Mining,48.40,74.52,207,10018.80,15425.64,5406.84,,,,,,
20/05/25,SRM,Smallcap,Realty,408.20,634.10,24,9796.80,15218.40,5421.60,,,,,,
08/05/25,KRISHANA,Smallcap,Chemicals,333.72,517.65,30,10011.59,15529.50,5517.91,,,,,,
28/04/25,RBLBANK,Midcap,Bank,204.75,318.65,49,10032.53,15613.85,5581.32,,,,,,
16/10/25,IFBAGRO,Smallcap,FMCG,984.95,1543.30,10,9849.50,15433.00,5583.50,,,,,,
08/10/25,IFBAGRO,Smallcap,FMCG,970.05,1543.30,10,9700.50,15433.00,5732.50,,,,,,
08/05/25,PRIVISCL,Midcap,Chemicals,2095.68,3244.20,5,10478.41,16221.00,5742.59,,,,,,
06/05/25,CCL,Midcap,FMCG,662.64,1053.10,15,9939.54,15796.50,5856.96,,,,,,
02/06/25,LUMAXTECH,Midcap,Auto,897.70,1430.40,11,9874.75,15734.40,5859.65,,,,,,
10/07/25,KMEW,Smallcap,Transportation,1675.00,2658.00,6,10050.00,15948.00,5898.00,,,,,,
21/05/25,TATVA,Smallcap,Chemicals,943.66,1489.40,11,10380.30,16383.40,6003.10,,,,,,
23/04/25,TVSELECT,Smallcap,I.T,412.00,662.95,24,9888.00,15910.80,6022.80,,,,,,
20/05/25,TATVA,Smallcap,Chemicals,925.08,1489.40,11,10175.91,16383.40,6207.49,,,,,,
04/08/25,ATHERENERG,Largecap,Auto,400.95,649.60,25,10023.75,16240.00,6216.25,,,,,,
24/07/25,JAYNECOIND,Midcap,Metals & Mining,45.70,74.52,219,10008.30,16319.88,6311.58,,,,,,
01/08/25,NETWEB,Midcap,I.T,2164.28,3438.00,5,10821.39,17190.00,6368.61,,,,,,
10/07/25,GARUDA,Smallcap,Realty,139.50,229.32,72,10044.00,16511.04,6467.04,,,,,,
13/05/25,TDPOWERSYS,Midcap,Industrials,466.76,785.70,21,9801.94,16499.70,6697.76,,,,,,
27/06/25,POCL,Smallcap,Metals & Mining,852.60,1414.40,12,10231.21,16972.80,6741.59,,,,,,
23/07/25,JAYNECOIND,Midcap,Metals & Mining,43.95,74.52,228,10020.60,16990.56,6969.96,,,,,,
26/06/25,POCL,Smallcap,Metals & Mining,815.06,1414.40,12,9780.70,16972.80,7192.10,,,,,,
09/05/25,SJS,Midcap,Auto,1032.96,1758.70,10,10329.59,17587.00,7257.40,,,,,,
05/05/25,PARAGMILK,Smallcap,FMCG,205.39,353.65,49,10064.08,17328.85,7264.77,,,,,,
11/07/25,NETWEB,Midcap,I.T,1957.63,3438.00,5,9788.14,17190.00,7401.86,,,,,,
01/10/25,MAHASTEEL,Smallcap,Metals & Mining,454.00,792.00,22,9988.00,17424.00,7436.00,,,,,,
30/05/25,LUMAXTECH,Midcap,Auto,807.69,1430.40,12,9692.22,17164.80,7472.58,,,,,,
25/04/25,THYROCARE,Midcap,Healthcare,877.00,1564.00,11,9646.95,17204.00,7557.05,,,,,,
02/05/25,FORCEMOT,Largecap,Auto,10040.33,17650.00,1,10040.33,17650.00,7609.67,,,,,,
21/05/25,GABRIEL,Midcap,Auto,656.37,1166.80,15,9845.57,17502.00,7656.43,,,,,,
24/06/25,IMFA,Midcap,Metals & Mining,772.95,1370.70,13,10048.40,17819.10,7770.70,,,,,,
21/07/25,STALLION,Smallcap,Chemicals,115.45,212.70,87,10044.15,18504.90,8460.75,,,,,,
14/05/25,HBLENGINE,Largecap,Auto,566.34,1041.30,18,10194.04,18743.40,8549.36,,,,,,
05/06/25,GARUDA,Smallcap,Realty,123.70,229.32,81,10019.70,18574.92,8555.22,,,,,,
02/06/25,IFBAGRO,Smallcap,FMCG,819.05,1543.30,12,9828.60,18519.60,8691.00,,,,,,
21/05/25,QPOWER,Midcap,Industrials,409.49,825.80,24,9827.65,19819.20,9991.55,,,,,,
03/09/25,MAHASTEEL,Smallcap,Metals & Mining,378.10,792.00,26,9830.60,20592.00,10761.40,,,,,,
07/08/25,IZMO,Smallcap,I.T,410.15,860.25,24,9843.60,20646.00,10802.40,,,,,,
18/07/25,CUPID,Midcap,FMCG,150.00,312.84,67,10050.00,20960.28,10910.28,,,,,,
09/05/25,APOLLO,Midcap,Aerospace & Defence,133.89,283.50,75,10041.75,21262.50,11220.75,,,,,,
29/05/25,IFBAGRO,Smallcap,FMCG,668.05,1543.30,15,10020.75,23149.50,13128.75,,,,,,
11/07/25,CUPID,Midcap,FMCG,119.01,312.84,84,9996.84,26278.56,16281.72,,,,,,
19/08/25,BGRENERGY,Smallcap,Realty,145.00,405.70,69,10005.00,27993.30,17988.30,,,,,,